AISER3SAUX.1;AISER3TSNCF.1;AUXON3TR312;AUXON3TR313;B.ROC3G1;B.ROC3G2;B.ROC3X1;B.ROC3X2;BEON3 TR311;BOCTO7N.SE5-Y71G;BOCTO7N.SE5-Y71H;BUGEY1TS2;BUGEY1TS3;BUGEY1TS4;BUGEY1TS5;BXNE3 TR311;BXNE3 TR313;C.FOU3TR311;C.FOU3TR313;C.REG3TR314;C.REG6TR613;C.REG6TR614;C.REG6TR615;C.SAU3TR311;C.SAU3TR312;CHAGN3TSNCF.1;CHAGN3X1;CHAL53G1;CHALO3TR311;CHALO3TR312;CHALO3TR313;CIZE6 T611SNCF;CIZE6 T612SNCF;COLLO3TSNCF.1;COMMU6TR612;COMMU6TR613;COMMU6TSNCF.1;CORGO3SAUX.1;CORGO3TSNCF.1;COUCH3TR312;CPVAN3TR311;CPVAN3TR312;CUISE3TR311;CURTI6TSNCF.1;CURTI6TSNCF.2;FRON53SAUX.1;FRON53TSNCF.1;FTAIN3TSNCF.1;G.CHE3TR311;G.CHE3TR312;GENLI3TR311;GENLI3TR312;GEVRE3G1;GEVRE3X1;GEVRE3X2;KIR3  TR311;KIR3  TR312;LOUHA3TR312;LOUHA3TR313;MACON6TR611;MACON6TR612;MERVA3SAUX.1;MERVA3TSNCF;MEURS3G1;MEURS3SAUX.1;MOLLE3TR311;MOLLE3TR313;MTAGN3TR311;MTAGN3TR313;N.GEO3TR311;N.GEO3TR312;N.SE17TS1;N.SE27TS2;NAVIL3SAUX.1;NAVIL3TSNCF;P.SAO3TR311;P.SAO3TR312;PERRI3G1;PERRI3G2;PERRI3G3;PYMON6TR613.C;PYMON6TR613.F;PYMON6TR614.C;PYMON6TR614.F;RIBAU3TSNCF.1;ROMEL3TR311;ROMEL3TR312;RONCI3SAUX.1;RONCI3TSNCF.1;SAISS3T311;SAISS3T312;SSUSU3SAUX.1;SSUSU3TSNCF;TAVAU6T10.T32;TAVAU6T7.T9.T31;TILLE3TSNCF.1;VELAR3G1;VELAR3G2;VIELM3TR311;VIELM3TR312;VIELM3TR313;VOSNE3SAUX.1;VOSNE3TSNCF.1;VOUGL3T311S.A.;.VERBL61GEN.P;.VERBL62GEN.P;ARBOIL31CPVAN;ARLODL61GEN.P;B.TOLL71GEN.P;BLYE L31SAISS;BOCTOL71MORBR;BOCTOL72MORBR;BOISSL61C.FO6;BOISSL61CUS.P;BOISSL61MEUNI;BOISSL61MEYZI;BOISSL62CUS.P;BOISSL62MIONS;BOISSL63SSV.E;BOISSY631;BOISSY632;BOISSY633;BOISSY761;BOISSY762;BREU5L61H.PAU;BREVAL31CPVAN;C.REGL31COUB6;C.REGL31LAVOI;C.REGL31MARC6;C.REGL31SSAPO;C.REGL32LAVOI;C.REGL32MARC6;C.REGL33LAVOI;C.ROYL31CHALO;CBRY L71M.SEI;CHA.NL31CHALO;CHA.NL32CHALO;CHA.NL33CHALO;CHAFFL71SSV.O;CHAFFL72SSV.O;CHAFFL73SSV.O;CHAFFL74SSV.O;CHALOL31CHAL6;CHALOL31SENNE;CHALOL32VAREN;CHANCL32VOUGL;CHARPL71SSV.O;CHARPL72SSV.O;CHAV6L61GEN.P;CHESNL71M.SEI;CHESNL72M.SEI;CORNIL62GEN.P;CORNIL71GEN.P;CPDIVL32CPVAN;CPNOLL61GEN.P;CPVANL31MESNA;CPVANL31ZBRE6;CRENEL71REVIG;CRENEY766;CRENEY778;CREYSL71G.ILE;CREYSL72G.ILE;CRIMOL31ZCRIM;DARCEL61VIELM;F.FREL71M.SEI;FLEYRY631;FLEYRY632;FRASNL71GEN.P;G.CHEL31SSAM6;G.CHEL31SSAM7;GEN.PL61SERRI;GEN.PL61ZCRUS;GEN.PY711;GROSNY711;GUEUGY631;GUEUGY632;GUEUGY633;H.PAUY634;H.PAUY635;H.PAUY651;H.PAUY652;H.PAUY712;HOUDRL71M.SEI;HOUDRL72M.SEI;IZERNY631;IZERNY633;JOUX L61ZJOUX;L.SAUL31PYMON;L.SAUL32PYMON;L.SAUL33PYMON;M.SEIY741;M.SEIY742;M.SEIY743;M.SEIY744;MACONY631;MACONY632;MACONY633;MAGNYL31TRIEY;MOREZL31SAISS;P.BERL31PERRI;P.BERL31ROMEL;SARRYL61VIELM;SAULIL31VIELM;SEREIL71VIELM;SSCL5L31VOUGL;VENARL31VIELM;VERREL31VIELM;VERREL32VIELM;VIELML31ZE.CR;VIELML31ZPOIS;VIELMY711;VOUGLL31ZS.M5;VOUGLL32ZP.SA;BXNE53G1
3.6;3.6;-1.6;-1.6;0.2;0.2;0.2;0.2;-0.5;-13.5;-7.7;13.0;13.0;16.0;16.0;-2.8;-2.8;-2.4;-2.4;-1.1;-0.1;-0.4;-0.2;0.5;0.5;0.5;0.5;0.6;-1.8;-1.8;-1.8;-1.7;-1.7;0.0;0.0;0.0;-5.1;-0.6;-0.6;-6.3;-2.7;-2.7;-3.0;0.0;-0.7;-0.1;-0.1;1.4;0.0;0.0;0.0;0.0;0.1;0.1;0.1;-2.4;-2.4;-1.1;-1.1;0.1;0.0;-0.8;-0.8;-0.4;-0.4;-1.1;-1.1;-0.9;-0.9;-1.1;-1.1;20.0;20.0;0.0;0.7;-1.2;-1.2;0.2;0.2;0.2;-3.5;-0.9;0.0;0.0;0.1;-2.2;-2.2;-1.2;-1.2;-1.2;-1.2;0.9;0.9;-4.9;-4.9;0.0;-0.2;-0.2;-4.2;-4.2;-4.2;0.2;0.2;-6.5;-58.5;-58.5;-7.0;-16.3;-105.1;0.2;-114.6;-113.1;-0.9;-28.4;-10.0;-7.2;-28.4;42.7;-3.1;2.7;0.6;-1.0;31.9;27.6;-8.2;0.0;-3.3;-1.1;-7.2;-0.8;-3.4;-6.3;-2.3;-3.1;-83.8;0.2;0.2;0.1;-31.1;-10.1;-10.1;-30.8;0.0;-2.4;-1.6;-6.0;9.9;16.2;8.0;-8.4;-50.4;5.8;22.0;-2.0;0.0;-6.9;-6.8;-46.7;-100.3;52.2;21.3;17.5;-0.5;18.6;87.1;-6.5;-6.7;-109.7;0.3;-3.7;3.5;4.1;-0.0;0.0;0.0;-8.8;-9.8;-3.5;-22.7;2.2;2.2;66.5;-41.9;-41.3;2.2;2.2;-5.3;-3.4;-0.0;-3.4;-1.0;22.9;15.4;22.8;-3.6;-3.7;-3.8;-5.1;-3.7;0.2;-1.5;34.5;-7.7;26.9;-3.1;3.2;6.0;5.9;-5.4;-0.4;66.4;-5.8;-4.8;0.5
4.5;4.5;-1.3;-1.3;0.2;0.2;0.2;0.2;0.1;-12.5;-7.1;13.0;13.0;16.0;16.0;-2.9;-2.9;-2.1;-2.1;-4.4;0.6;1.5;1.0;0.9;0.9;0.4;0.4;1.2;-1.9;-1.9;-1.9;-1.5;-1.5;0.0;0.0;0.0;-4.8;-0.0;-0.0;-7.2;-3.6;-3.6;-3.1;0.0;-0.5;-0.2;-0.2;1.8;-0.0;-0.0;0.0;0.0;0.1;0.1;0.1;-2.2;-2.2;-1.1;-1.1;1.1;0.0;-0.1;-0.1;-0.6;-0.6;-1.3;-1.3;-0.9;-0.9;-1.1;-1.1;20.0;20.0;0.0;0.6;-1.5;-1.5;0.2;0.2;0.2;-2.6;-0.7;0.0;0.0;0.0;-2.0;-2.0;-1.9;-1.9;-1.0;-1.0;0.1;0.1;-2.1;-2.1;0.0;-0.1;-0.1;-3.4;-3.4;-3.4;0.2;0.2;-5.0;-55.8;-55.8;-6.5;-20.0;-95.8;0.3;-92.5;-91.6;-1.1;-29.7;-7.2;-9.9;-29.7;45.0;-3.7;9.0;-3.0;-1.3;30.3;24.6;-7.9;0.0;-4.8;-0.9;-6.8;-0.8;-3.3;-5.7;-2.3;-3.0;-76.3;0.3;0.3;0.2;-19.6;-1.7;-1.8;-19.5;0.1;-2.0;-1.2;-5.8;17.3;22.5;6.7;-3.9;-51.9;10.8;18.1;-1.9;0.0;-6.4;-6.6;-44.1;-98.3;55.1;14.2;11.0;-1.7;22.6;115.6;-6.5;-6.7;-102.9;0.3;-4.0;4.0;9.0;-0.0;0.0;0.0;-5.0;-6.1;-2.5;-21.7;2.5;2.5;66.7;-43.4;-45.3;3.6;3.7;-9.7;-3.5;-0.0;-3.5;5.0;31.6;15.1;28.7;-3.6;-3.7;-3.8;-5.4;-3.9;0.2;-1.5;36.7;-8.0;34.9;-3.1;2.6;5.2;5.1;-4.6;-0.5;66.6;-5.7;-4.8;0.3
4.6;4.6;-1.6;-1.6;0.2;0.2;0.2;0.2;0.1;-11.6;-6.5;13.0;13.0;16.0;16.0;-2.9;-2.9;-2.0;-2.0;-3.9;0.4;1.1;0.6;0.9;0.9;0.4;0.4;1.3;-1.5;-1.5;-1.5;-1.6;-1.6;0.0;0.0;0.0;-4.8;-0.2;-0.2;-7.0;-2.7;-2.7;-3.0;0.0;-0.7;-0.0;-0.0;1.4;-0.2;-0.2;0.0;0.0;0.1;0.1;0.1;-1.9;-1.9;-1.1;-1.1;0.7;0.0;-0.2;-0.2;-0.5;-0.5;-1.1;-1.1;-1.1;-1.1;-0.9;-0.9;20.0;20.0;0.0;0.6;-1.4;-1.4;0.1;0.1;0.1;-2.4;-0.6;0.0;0.0;0.3;-1.8;-1.8;-2.1;-2.1;-0.8;-0.8;0.3;0.3;-1.9;-1.9;0.0;-0.1;-0.1;-4.2;-4.2;-4.2;0.3;0.3;-5.7;-51.4;-51.4;-6.3;-20.0;-90.3;0.2;-85.3;-84.5;-1.2;-30.1;-6.9;-9.7;-30.1;44.4;-4.0;9.3;-2.7;-1.5;31.0;25.0;-8.1;0.0;-4.8;-0.9;-7.2;-0.8;-3.3;-6.1;-2.3;-3.0;-79.5;0.0;0.0;-0.0;-9.8;9.4;9.1;-9.8;-0.1;-1.8;-1.6;-5.7;17.5;23.1;7.5;-2.2;-45.9;9.8;17.6;-2.0;0.0;-6.2;-6.4;-39.2;-94.4;60.4;18.4;15.0;-1.2;24.4;115.8;-6.1;-6.3;-102.4;0.3;-3.7;3.0;8.1;0.0;0.0;0.0;-9.5;-10.5;-3.1;-22.4;2.3;2.3;66.9;-40.3;-41.7;3.4;3.5;-6.9;-3.8;-0.0;-3.8;7.9;32.0;20.1;30.0;-3.6;-3.6;-3.7;-5.4;-3.7;0.1;-1.5;34.1;-6.9;30.5;-3.1;2.1;5.0;4.9;-1.6;-0.5;66.7;-5.6;-4.7;0.3
3.6;3.6;-1.3;-1.3;0.2;0.2;0.2;0.2;0.3;-12.2;-7.3;13.0;13.0;16.0;16.0;-3.0;-3.0;-2.1;-2.1;-2.0;-0.2;-0.7;-0.4;0.5;0.5;0.5;0.5;1.3;-2.0;-2.0;-2.0;-2.1;-2.1;0.0;0.0;0.0;-5.0;-0.1;-0.1;-5.8;-2.0;-2.0;-3.0;0.0;-0.4;0.2;0.2;1.4;-0.1;-0.1;0.0;0.0;0.2;0.2;0.2;-2.0;-2.0;-0.9;-0.9;1.1;0.0;-0.4;-0.4;-0.5;-0.5;-1.0;-1.0;-1.0;-1.0;-1.3;-1.3;20.0;20.0;0.0;0.5;-1.6;-1.6;0.2;0.2;0.2;-2.5;-0.6;0.0;0.0;-0.0;-1.7;-1.7;-1.4;-1.4;-0.7;-0.7;0.4;0.4;-2.8;-2.8;0.0;-0.1;-0.1;-4.2;-4.2;-4.2;0.2;0.2;-6.3;-47.1;-47.1;-6.4;-19.0;-96.6;0.3;-72.1;-71.7;-0.8;-28.9;-3.4;-10.8;-28.9;42.5;-3.9;8.9;-3.1;-1.1;28.4;21.6;-8.0;0.0;-4.0;-0.8;-6.4;-0.8;-3.3;-5.3;-2.2;-3.0;-76.3;0.1;0.1;0.1;-16.5;-3.6;-3.6;-16.4;-0.0;-2.0;-1.6;-6.0;32.0;35.3;5.8;2.5;-40.9;11.6;9.4;-1.8;0.0;-6.4;-5.4;-43.0;-89.6;65.4;14.0;11.7;-1.3;31.7;117.9;-6.1;-6.3;-102.2;0.3;-4.3;2.9;9.8;-0.0;0.0;0.0;-8.9;-9.9;-2.9;-22.1;2.4;2.4;66.5;-37.6;-36.3;3.7;3.8;-11.3;-3.4;-0.0;-3.4;4.8;29.5;15.5;25.5;-3.7;-3.7;-3.8;-3.8;-4.0;0.1;-1.5;37.7;-7.7;38.9;-3.0;2.8;5.9;5.8;-4.0;-0.4;66.1;-5.9;-4.7;0.3
3.8;3.8;-1.5;-1.5;0.2;0.2;0.2;0.2;0.1;-10.7;-6.4;13.0;13.0;16.0;16.0;-3.0;-3.0;-2.0;-2.0;-3.0;0.6;1.6;1.0;0.7;0.7;0.4;0.4;1.2;-1.9;-1.9;-1.9;-2.1;-2.1;0.0;0.0;0.0;-4.6;-0.8;-0.8;-7.0;-2.5;-2.5;-2.6;0.0;-0.2;-0.0;-0.0;1.2;0.0;0.0;0.0;0.0;0.5;0.5;0.5;-2.0;-2.0;-0.7;-0.7;1.1;0.0;-0.4;-0.4;-0.5;-0.5;-1.2;-1.2;-0.2;-0.2;-1.5;-1.5;20.0;20.0;0.0;0.4;-1.6;-1.6;0.1;0.1;0.1;-2.6;-0.7;0.0;0.0;0.1;-2.0;-2.0;-1.5;-1.5;-0.9;-0.9;0.2;0.2;-3.4;-3.4;0.0;-0.3;-0.3;-3.3;-3.3;-3.3;0.1;0.1;-6.3;-47.9;-47.9;-6.3;-19.7;-98.1;0.2;-94.1;-93.1;-0.4;-28.2;-3.3;-11.0;-28.2;42.7;-4.5;2.2;0.1;-1.1;30.4;23.2;-8.3;0.0;-5.6;-1.0;-6.6;-0.8;-3.4;-5.6;-2.3;-3.0;-84.6;0.2;0.2;0.1;-18.5;-4.5;-4.6;-18.4;0.0;-1.7;-1.2;-6.1;35.9;39.4;5.4;-12.2;-53.3;11.3;14.8;-2.0;0.0;-6.2;-5.9;-43.8;-93.7;60.1;24.5;21.9;-2.8;37.6;107.3;-5.9;-6.1;-111.3;0.3;-4.3;3.1;9.3;0.0;0.0;0.0;-7.3;-8.2;-2.6;-21.7;2.4;2.4;66.5;-40.1;-37.8;3.3;3.4;-11.2;-3.6;-0.0;-3.6;7.1;36.4;19.2;35.8;-3.6;-3.6;-3.7;-4.2;-4.0;0.1;-1.5;46.0;-6.7;39.3;-3.2;3.2;6.0;5.9;-2.7;-0.4;-0.0;-5.9;-4.8;0.4
3.8;3.8;-1.7;-1.7;0.2;0.2;0.2;0.2;-0.2;-11.7;-6.9;13.0;13.0;16.0;16.0;-2.9;-2.9;-2.0;-2.0;-3.2;0.6;1.6;1.0;0.5;0.5;0.3;0.3;0.9;-1.6;-1.6;-1.6;-3.0;-3.0;0.0;0.0;0.0;-4.5;-0.1;-0.1;-5.7;-2.4;-2.4;-2.8;0.0;-0.3;-0.2;-0.2;1.4;0.0;0.0;0.0;0.0;0.4;0.4;0.4;-1.7;-1.7;-0.8;-0.8;1.0;0.0;-0.1;-0.1;-0.4;-0.4;-1.0;-1.0;-0.9;-0.9;-1.3;-1.3;20.0;20.0;0.0;0.6;-1.7;-1.7;0.2;0.2;0.2;-2.8;-0.7;0.0;0.0;0.3;-2.1;-2.1;-1.6;-1.6;-0.8;-0.8;0.1;0.1;-2.3;-2.3;0.0;-0.0;-0.0;-3.4;-3.4;-3.4;0.2;0.2;-5.2;-48.6;-48.6;-6.1;-18.9;-97.9;0.2;-84.0;-83.4;-1.0;-29.7;-2.7;-10.8;-29.7;46.0;-5.4;2.2;0.1;-1.8;31.0;23.8;-8.3;0.0;-5.1;-1.2;-7.0;-0.8;-3.6;-5.8;-2.5;-3.1;-78.5;0.3;0.2;0.2;-9.9;5.3;5.1;-9.9;0.1;-2.2;-1.2;-5.6;27.5;31.6;3.4;-21.0;-57.9;10.3;9.8;-2.0;0.0;-6.1;-6.0;-36.3;-87.7;67.8;25.0;22.3;-2.2;44.0;113.7;-5.9;-6.1;-110.6;-0.0;-4.3;3.4;8.6;-0.0;0.0;0.0;-7.6;-8.6;-2.5;-21.6;2.4;2.4;66.7;-39.8;-38.1;4.5;4.7;-12.7;-4.2;-0.0;-4.2;10.9;34.2;24.9;41.9;-3.4;-3.4;-3.5;-3.7;-4.0;0.2;-1.5;43.0;-7.7;33.8;-3.3;3.3;6.2;6.1;-1.2;-0.5;0.0;-5.6;-4.9;0.3
3.9;3.9;-1.9;-1.9;0.2;0.2;0.2;0.2;-0.1;-11.3;-6.6;13.0;13.0;16.0;16.0;-3.0;-3.0;-2.0;-2.0;-4.4;0.4;1.4;0.8;0.5;0.5;0.5;0.5;1.5;-2.0;-2.0;-2.0;-2.1;-2.1;0.0;0.0;0.0;-4.0;-0.2;-0.2;-5.7;-2.0;-2.0;-2.7;0.0;-0.1;-0.1;-0.1;1.6;-0.1;-0.1;0.0;0.0;0.2;0.2;0.2;-1.8;-1.8;-0.9;-0.9;1.2;0.0;0.3;0.3;-0.5;-0.5;-1.2;-1.2;-0.8;-0.8;-1.1;-1.1;20.0;20.0;0.0;0.5;-1.7;-1.7;0.2;0.2;0.2;-2.8;-0.7;0.0;0.0;0.4;-2.2;-2.2;-1.7;-1.7;-0.8;-0.8;-0.3;-0.3;-2.2;-2.2;0.0;-0.0;-0.0;-3.7;-3.7;-3.7;0.1;0.1;-4.8;-47.9;-48.0;-6.1;-20.0;-93.4;0.2;-102.1;-101.0;-1.0;-30.1;-4.7;-10.0;-30.1;46.8;-4.3;2.2;0.1;-1.3;31.0;24.9;-7.5;0.0;-5.1;-1.2;-6.6;-0.8;-3.5;-5.4;-2.4;-3.1;-86.9;0.6;0.5;0.5;-8.9;9.1;8.9;-8.9;0.3;-2.1;-1.2;-5.5;24.6;29.7;3.8;-31.6;-67.9;8.6;12.6;-2.1;0.0;-6.1;-5.6;-34.6;-90.6;64.5;29.9;26.6;-2.1;43.3;122.6;-5.7;-6.0;-109.3;-0.0;-4.0;3.3;6.8;-0.0;0.0;0.0;-11.4;-12.4;-3.2;-22.4;2.4;2.4;66.9;-38.3;-37.4;4.0;4.1;-11.7;-4.2;-0.0;-4.2;9.3;31.1;22.8;45.6;-3.6;-3.6;-3.7;-3.8;-3.9;0.2;-1.5;40.2;-7.8;27.1;-3.1;3.4;6.5;6.3;-1.4;-0.5;0.0;-5.4;-4.6;0.4
3.6;3.6;-1.7;-1.7;0.2;0.2;0.2;0.2;0.0;-11.5;-6.9;13.0;13.0;16.0;16.0;-2.7;-2.7;-1.9;-1.9;-4.0;0.7;2.3;1.2;0.7;0.7;0.2;0.2;1.1;-1.6;-1.6;-1.6;-2.1;-2.1;0.0;0.0;0.0;-4.4;-0.6;-0.6;-5.5;-2.5;-2.5;-2.0;0.0;0.0;-0.3;-0.3;1.1;0.3;0.3;0.0;0.0;0.3;0.3;0.3;-2.0;-2.0;-0.6;-0.6;1.0;0.0;-0.4;-0.4;-0.3;-0.3;-1.3;-1.3;-0.2;-0.2;-0.8;-0.8;20.0;20.0;0.0;0.4;-1.8;-1.8;0.2;0.2;0.2;-2.7;-0.7;0.0;0.0;0.1;-2.1;-2.1;-1.3;-1.3;-0.7;-0.7;0.5;0.5;-2.6;-2.6;0.0;-0.1;-0.1;-3.6;-3.6;-3.6;0.2;0.2;-4.3;-52.7;-52.7;-5.7;-19.0;-101.1;0.2;-85.5;-84.8;-1.2;-30.0;-3.7;-9.6;-30.0;45.6;-4.1;8.7;-3.3;-1.1;27.5;22.3;-7.6;0.0;-4.8;-1.1;-6.9;-1.2;-3.3;-5.8;-2.3;-3.0;-77.7;0.2;0.2;0.1;5.3;18.7;18.4;5.2;0.0;-2.3;-1.2;-5.4;34.8;38.1;6.7;-16.2;-58.1;9.9;10.4;-1.9;0.0;-5.7;-5.9;-41.5;-92.9;62.2;29.5;27.0;-2.4;42.1;119.9;-5.2;-5.4;-103.5;0.3;-4.5;4.6;8.4;-0.0;0.0;0.0;-9.7;-10.6;-2.7;-21.9;2.4;2.4;66.8;-33.4;-32.5;-1.8;8.5;-11.0;-4.3;-0.0;-4.3;5.2;28.0;16.2;31.8;-3.3;-3.3;-3.4;-3.5;-4.1;0.2;-1.5;44.8;-7.8;36.8;-3.2;3.9;6.6;6.4;-1.1;-0.5;0.0;-5.4;-4.8;0.4
3.2;3.2;-1.6;-1.6;0.2;0.2;0.2;0.2;0.3;-12.5;-7.5;13.0;13.0;16.0;16.0;-2.7;-2.7;-2.2;-2.2;-3.6;0.7;3.0;1.7;0.7;0.7;0.4;0.4;1.2;-1.7;-1.7;-1.7;-4.5;-4.5;0.0;0.0;0.0;-4.2;-0.9;-0.9;-8.0;-2.0;-2.0;-1.4;0.0;0.5;-0.0;-0.0;1.3;-0.1;-0.1;0.0;0.0;0.5;0.5;0.5;-1.8;-1.8;-0.5;-0.5;1.2;0.0;-0.2;-0.2;-0.4;-0.4;-1.5;-1.5;-0.1;-0.1;-1.0;-1.0;20.0;20.0;0.0;0.8;-1.4;-1.4;0.2;0.2;0.2;-2.5;-0.7;0.0;0.0;0.0;-1.5;-1.5;-1.1;-1.1;-0.6;-0.6;0.1;0.1;-3.3;-3.3;0.0;-0.2;-0.2;-3.1;-3.1;-3.1;0.2;0.2;-6.5;-50.8;-50.8;-5.5;-18.8;-104.5;0.3;-59.8;-59.8;0.1;-29.5;-2.1;-10.5;-29.5;45.0;-3.2;2.8;0.7;-0.5;26.2;20.0;-6.7;0.0;-4.6;-1.2;-6.1;-0.8;-3.6;-5.1;-2.5;-3.0;-67.2;0.6;0.6;0.5;5.8;21.0;20.6;5.6;0.4;-2.1;-1.6;-5.5;32.1;35.8;4.3;-11.4;-58.3;8.5;9.5;-2.0;0.0;-5.6;-5.3;-32.9;-108.3;58.5;32.9;30.0;-2.5;39.3;145.5;-5.1;-5.3;-99.0;-0.0;-4.5;5.6;6.8;0.0;0.0;0.0;-4.7;-5.7;-1.4;-20.6;2.7;2.7;66.6;-33.1;-36.7;5.9;6.1;-12.1;-3.1;-0.0;-3.1;4.6;23.9;14.3;34.8;-2.8;-2.8;-2.9;-2.9;-4.1;0.2;-1.5;42.4;-7.7;32.5;-2.8;3.5;7.0;6.8;-3.3;-0.5;0.0;-5.5;-4.4;0.5
3.3;3.3;-1.3;-1.3;0.2;0.2;0.2;0.2;0.4;-13.8;-8.2;13.0;13.0;16.0;16.0;-2.7;-2.7;-1.9;-1.9;-3.5;0.3;2.3;1.1;1.0;1.0;0.4;0.4;1.1;-1.6;-1.6;-1.6;-5.0;-5.0;0.0;0.0;0.0;-4.1;-0.7;-0.7;-8.5;-1.5;-1.5;-0.9;0.0;0.1;-0.2;-0.2;1.4;0.2;0.2;0.0;0.0;0.1;0.1;0.1;-1.6;-1.6;-0.2;-0.2;1.1;0.0;-0.1;-0.1;-0.4;-0.4;-1.2;-1.2;-0.0;-0.0;-0.3;-0.3;20.0;20.0;0.0;0.5;-1.6;-1.6;0.2;0.2;0.2;-1.9;-0.4;0.0;0.0;-0.3;-1.2;-1.2;-0.9;-0.9;-0.6;-0.6;0.1;0.1;-3.5;-3.5;0.1;-0.2;-0.2;-2.9;-2.9;-2.9;0.3;0.3;-6.3;-53.5;-53.5;-6.2;-18.3;-114.1;0.2;-17.3;-18.3;0.8;-28.5;-2.0;-7.5;-28.5;41.0;-1.4;9.5;-2.4;1.0;18.9;15.5;-7.1;0.0;-4.9;-1.1;-6.0;0.0;-3.4;-5.2;-2.3;-3.0;-52.2;0.8;0.8;0.7;26.5;38.2;37.6;26.1;0.6;-1.4;-1.2;-5.4;51.1;53.5;5.1;12.0;-39.4;9.6;11.5;-1.7;0.0;-6.4;-5.1;-37.7;-103.2;64.0;25.4;23.1;-2.5;37.7;143.5;-3.9;-4.1;-85.8;-0.0;-5.1;6.7;7.8;-0.0;0.0;0.0;-4.7;-5.7;-0.7;-19.7;2.7;2.7;66.3;-21.1;-22.3;7.1;7.3;-8.0;-3.1;-0.0;-3.1;5.4;26.5;15.1;30.6;-2.1;-2.2;-2.2;-3.4;-4.0;0.2;-1.5;42.3;-6.4;36.2;-2.4;3.8;6.7;6.6;-3.3;-0.4;-0.0;-5.4;-4.1;0.5
3.2;3.2;-1.3;-1.3;0.2;0.2;0.2;0.2;1.0;-10.7;-5.8;13.0;13.0;16.0;16.0;-2.6;-2.6;-1.8;-1.8;-3.6;0.0;2.7;1.3;1.6;1.6;0.4;0.4;1.1;-1.3;-1.3;-1.3;-5.1;-5.1;0.0;0.0;0.0;-1.6;-0.3;-0.3;-5.6;-1.4;-1.4;-1.0;0.0;-0.3;-0.1;-0.1;1.0;0.3;0.3;0.0;0.0;0.7;0.7;0.7;-1.8;-1.8;-0.3;-0.3;0.9;0.0;-0.0;-0.0;-0.3;-0.3;-0.8;-0.8;-0.2;-0.2;-0.6;-0.6;20.0;20.0;0.0;0.5;-1.4;-1.4;0.3;0.3;0.3;-2.3;-0.5;0.0;0.0;0.3;-0.7;-0.7;-1.1;-1.1;-0.5;-0.5;0.0;0.0;-2.4;-2.4;0.0;-0.1;-0.1;-3.3;-3.3;-3.3;0.4;0.4;-5.9;-45.0;-45.1;-6.6;-17.0;-98.8;0.2;-6.8;-8.1;1.4;-28.1;-2.3;-5.6;-28.1;39.5;0.2;10.5;-1.5;2.7;14.1;14.3;-6.2;-0.0;-4.1;-0.8;-5.9;0.0;-3.3;-5.2;-2.3;-2.6;-43.6;1.0;1.0;0.9;29.6;41.7;41.0;29.1;0.9;-0.3;-0.8;-4.9;53.5;56.0;0.5;28.8;-27.8;7.0;16.5;-1.5;0.0;-6.6;-5.3;-39.3;-109.0;58.3;32.5;30.2;-2.4;35.8;145.4;-1.8;-2.0;-87.8;-0.0;-4.5;6.0;5.7;0.0;0.0;0.0;-3.9;-4.9;2.1;-17.3;3.5;3.5;-0.0;-38.4;-44.1;7.7;8.0;-1.5;-2.1;-0.0;-2.1;3.7;20.9;11.9;30.8;-0.6;-0.7;-0.6;-2.6;-3.5;0.3;-1.5;38.2;-6.1;35.7;-2.1;4.1;6.3;6.2;-2.6;-0.5;0.0;-5.0;-3.8;0.3
2.6;2.6;-1.2;-1.2;0.3;0.3;0.3;0.3;1.1;-13.2;-7.8;13.0;13.0;16.0;16.0;-2.2;-2.2;-1.7;-1.7;-3.6;0.0;3.7;1.7;1.5;1.5;0.4;0.4;1.0;-0.8;-0.8;-0.8;-2.9;-2.9;0.1;0.0;0.0;-3.7;-0.2;-0.2;-3.9;-1.3;-1.3;-0.5;0.0;-0.5;-0.1;-0.1;0.8;0.1;0.1;0.0;0.0;0.5;0.5;0.5;-2.2;-2.2;-0.1;-0.1;0.4;0.0;0.0;0.0;-0.3;-0.3;-0.9;-0.9;-0.2;-0.2;-0.4;-0.4;20.0;20.0;0.0;0.5;-1.4;-1.4;0.2;0.2;0.2;-2.4;-0.5;0.0;0.0;0.0;-0.2;-0.2;-0.5;-0.5;-0.1;-0.1;0.1;0.1;-8.1;-8.1;0.1;-0.1;-0.1;-2.5;-2.5;-2.5;0.1;0.1;-5.3;-54.7;-54.8;-6.1;-16.8;-108.6;0.2;-58.9;-58.9;-1.5;-26.8;-3.0;-2.8;-26.8;35.5;7.2;11.1;-0.8;5.3;7.8;10.0;-5.6;0.0;-3.8;-0.6;-5.3;0.0;-3.2;-4.7;-2.2;-2.4;-58.2;1.3;1.3;1.2;16.0;32.1;31.6;15.7;1.0;-0.2;0.0;-4.8;47.7;51.6;5.6;13.4;-33.1;7.3;32.6;-1.2;0.0;-6.1;-4.6;-40.0;-113.2;53.3;46.5;43.4;-2.7;30.4;90.4;3.0;2.8;-85.6;-0.0;-5.1;4.1;6.2;0.0;0.0;0.0;-6.3;-7.3;2.2;-17.3;3.4;3.4;0.0;-32.8;-32.0;0.3;10.6;2.7;-1.7;-0.0;-1.7;-2.6;15.0;4.6;18.2;4.4;4.3;-5.6;-2.8;-3.6;0.2;-1.5;37.0;-5.7;31.1;-2.3;3.9;5.6;5.6;-1.9;-0.4;-0.0;-4.9;-4.0;0.3
3.0;3.0;-0.8;-0.8;0.3;0.3;0.3;0.3;1.5;-13.6;-7.8;13.0;13.0;16.0;16.0;-2.0;-2.0;-1.5;-1.5;-4.8;1.6;-0.6;-0.3;1.5;1.5;-0.3;-0.3;1.4;-0.2;-0.2;-0.2;-2.9;-2.9;0.0;0.0;0.0;-1.9;-0.4;-0.4;-2.6;0.7;0.7;-0.7;0.0;8.7;0.1;0.1;0.6;0.6;0.6;0.0;0.0;0.3;0.3;0.3;-2.6;-2.6;0.2;0.2;-0.7;0.0;0.2;0.2;-0.1;-0.1;-1.0;-1.0;0.9;0.9;0.1;0.1;20.0;20.0;0.0;0.5;-1.3;-1.3;0.2;0.2;0.2;-2.2;-0.4;0.0;0.0;-0.3;0.1;0.1;-1.4;-1.4;0.2;0.2;-0.3;-0.3;-7.4;-7.4;0.0;-0.3;-0.3;-2.3;-2.3;-2.3;0.2;0.2;-6.6;-50.2;-50.2;-5.9;-16.4;-48.0;0.3;-86.2;-85.4;-1.0;-26.5;-4.6;1.3;-26.5;35.0;11.2;1.8;10.4;14.4;-1.2;-0.5;-5.8;0.6;-2.9;-0.2;-5.2;1.2;-2.7;-4.5;-1.9;-1.7;-58.9;1.5;1.5;1.4;23.1;41.6;40.9;22.6;1.3;-0.7;0.0;-3.7;41.5;46.5;0.1;15.3;-35.2;8.3;40.2;-0.9;0.0;-6.1;-3.2;-38.2;-113.9;53.6;21.1;17.7;0.2;23.1;83.0;-4.2;5.9;-54.7;-0.0;-4.5;4.4;7.2;-0.0;0.0;0.0;-0.9;-2.0;1.9;-8.6;3.5;3.5;-0.0;-42.4;-48.5;1.2;11.6;7.8;-0.4;-0.0;-0.4;-5.3;15.5;8.7;9.6;3.3;3.3;3.6;-4.1;-2.7;0.2;-1.5;27.8;-5.3;21.3;-1.6;3.7;6.0;5.9;-2.8;-0.5;-0.0;-3.8;-3.2;1.2
2.1;2.1;-0.8;-0.8;0.2;0.2;0.2;0.2;1.9;-10.2;-5.6;13.0;13.0;16.0;16.0;-1.6;-1.6;-1.2;-1.2;-3.6;4.9;-0.7;-0.3;1.7;1.7;0.1;0.1;0.4;-0.7;-0.7;-0.7;-2.1;-2.1;0.0;0.0;0.0;28.4;-1.0;-1.0;-6.3;0.6;0.6;-0.4;0.0;-0.1;-0.2;-0.2;0.8;1.2;1.2;0.0;0.0;0.4;0.4;0.4;-1.7;-1.7;0.8;0.8;-1.2;0.0;0.2;0.2;0.0;0.0;-0.5;-0.5;1.4;1.4;0.8;0.8;20.0;20.0;0.0;0.4;-1.1;-1.1;0.3;0.3;0.3;-3.2;-0.6;0.0;0.0;-0.4;1.1;1.1;-0.8;-0.8;0.3;0.3;-0.5;-0.5;-8.8;-8.8;0.0;-0.1;-0.1;-2.9;-2.9;-2.9;0.3;0.3;-3.9;-56.3;-56.3;-5.9;0.0;-63.2;0.2;-75.1;-74.6;-0.4;-23.8;-5.9;6.7;-23.8;29.8;13.1;6.2;4.9;15.7;-6.8;-2.8;-5.9;0.9;-3.0;-0.1;-4.5;0.8;-2.8;-3.9;-1.9;-1.3;-66.2;2.1;2.1;1.9;28.7;45.7;45.0;28.2;1.8;-0.1;0.8;-3.1;46.8;51.3;1.3;17.4;-26.2;4.1;35.3;-0.8;0.0;-6.0;-3.0;-30.5;-109.9;56.8;7.1;4.0;-0.1;16.6;89.5;0.0;-0.2;-37.4;-0.0;-4.5;4.1;2.9;-0.0;0.0;0.0;-2.4;-3.5;5.5;-13.9;4.1;4.1;0.0;-36.5;-41.7;7.9;8.1;13.9;0.0;-0.0;0.0;-1.0;20.3;7.6;17.1;3.5;3.5;3.8;-3.9;-3.1;0.3;-1.5;22.3;-5.2;14.6;-2.0;3.5;5.6;5.4;-2.9;-0.4;0.0;-3.3;-3.9;0.7
1.2;1.2;-0.8;-0.8;0.3;0.3;0.3;0.3;1.3;-9.0;-4.7;13.0;13.0;16.0;16.0;-1.4;-1.4;-1.4;-1.4;-5.0;4.5;-0.6;-0.3;1.1;1.1;-0.0;-0.0;1.3;0.1;0.1;0.1;-5.4;-5.4;0.0;0.0;0.0;2.9;-1.0;-1.0;-2.5;0.4;0.4;0.4;0.0;17.0;-0.2;-0.2;1.7;1.2;1.2;0.0;0.0;0.6;0.6;0.6;-2.7;-2.7;0.4;0.4;-0.0;0.0;-0.6;-0.6;-0.4;-0.4;-0.8;-0.8;1.6;1.6;0.4;0.4;20.0;20.0;0.0;0.5;-0.7;-0.7;0.2;0.2;0.2;-2.9;-0.6;0.0;0.0;0.0;1.4;1.4;-0.2;-0.2;0.4;0.4;0.9;0.9;-6.9;-6.9;0.6;-0.2;-0.2;-2.3;-2.3;-2.3;0.0;0.0;-5.3;-47.5;-47.5;-5.4;0.0;-34.4;0.2;-74.1;-73.7;0.2;-23.3;-3.7;4.2;-23.3;31.1;12.7;7.3;6.0;15.7;-11.3;-6.7;-4.7;0.0;-2.6;0.3;-4.5;1.6;-2.5;-3.9;-1.8;-1.0;-60.6;2.1;2.1;1.9;30.3;50.5;49.7;29.8;1.8;-1.1;0.0;-2.6;33.5;39.2;0.8;10.0;-38.0;0.8;37.5;-0.7;0.0;-5.5;-1.7;-18.4;-109.0;58.9;8.1;4.4;-0.6;21.0;121.4;4.2;4.0;-40.8;-0.0;-4.0;7.9;-0.4;0.0;0.0;0.0;-4.1;-5.1;2.6;-7.8;3.6;3.6;0.0;-46.7;-59.2;16.3;5.2;14.6;-0.2;-0.0;-0.2;0.4;21.4;8.6;20.1;4.8;4.7;5.1;-2.0;-2.7;0.2;-1.5;15.2;-5.5;6.8;-2.3;3.0;4.5;4.6;-2.4;-0.5;0.0;-2.7;-4.1;0.6
1.5;1.5;-0.8;-0.8;0.2;0.2;0.2;0.2;1.4;-11.6;-5.8;13.0;13.0;16.0;16.0;-1.1;-1.1;-1.3;-1.3;-3.8;5.3;-0.2;-0.1;1.8;1.8;-0.4;-0.4;1.2;-0.5;-0.5;-0.5;-5.7;-5.7;0.0;0.0;0.0;6.5;-0.6;-0.6;-4.3;0.1;0.1;0.2;0.0;8.8;-0.0;-0.0;0.8;1.3;1.3;0.0;0.0;0.3;0.3;0.3;-2.0;-2.0;0.2;0.2;-0.7;0.0;0.2;0.2;-0.1;-0.1;-0.9;-0.9;1.7;1.7;1.0;1.0;20.0;20.0;0.0;0.5;-0.5;-0.5;0.3;0.3;0.3;-2.9;-0.5;0.0;0.0;-0.1;2.1;2.1;-0.5;-0.5;0.4;0.4;0.1;0.1;-7.4;-7.4;0.0;-0.1;-0.1;-3.1;-3.1;-3.1;-0.1;-0.1;-4.9;-47.1;-47.1;-4.8;0.0;-30.3;0.3;-61.6;-61.5;0.7;-21.3;-1.5;-5.3;-21.3;34.4;9.0;7.5;6.3;16.6;-8.5;-5.3;-5.6;-0.0;-2.0;0.3;-4.3;2.0;-2.4;-3.7;-1.7;-0.9;-61.6;2.3;2.3;2.2;28.8;45.8;45.1;28.3;2.1;0.3;0.8;-2.4;31.6;36.3;2.3;4.0;-41.1;3.9;44.1;-0.6;0.0;-5.1;-1.5;-6.3;-104.9;64.1;17.7;14.6;-1.3;24.2;143.0;5.1;4.9;-43.6;-0.0;-4.3;8.7;2.7;-0.0;0.0;0.0;-2.0;-3.1;3.2;-7.2;3.6;3.7;0.0;-43.8;-57.4;5.7;17.5;13.7;0.0;-0.0;0.0;3.6;22.3;13.5;31.8;4.5;4.4;4.8;-1.8;-2.6;0.3;-1.5;13.2;-5.8;-1.2;-2.3;3.3;4.8;4.7;-0.7;-0.5;-0.0;-2.5;-4.1;0.6
1.5;1.5;-0.7;-0.7;0.3;0.3;0.3;0.3;1.8;-8.6;-4.0;13.0;13.0;16.0;16.0;-1.3;-1.3;-1.4;-1.4;-3.1;6.1;0.1;0.0;2.0;2.0;-0.1;-0.1;0.6;0.7;0.7;0.7;-5.2;-5.2;0.0;0.0;0.0;5.4;-0.5;-0.5;-4.8;0.7;0.7;-0.1;0.0;2.4;-0.2;-0.2;0.9;1.0;1.0;0.0;0.0;0.2;0.2;0.2;-1.7;-1.7;0.5;0.5;0.2;0.0;-0.0;-0.0;-0.3;-0.3;-0.6;-0.6;1.4;1.4;1.3;1.3;20.0;20.0;0.0;0.5;-0.8;-0.8;0.3;0.3;0.3;-2.6;-0.5;0.0;0.0;-0.2;2.4;2.4;-0.6;-0.6;0.1;0.1;0.0;0.0;-7.6;-7.6;0.0;-0.1;-0.1;-1.9;-1.9;-1.9;0.2;0.2;-4.9;-36.7;-36.7;-4.4;0.0;-4.4;0.3;-86.2;-85.4;6.4;-21.4;1.6;-7.2;-21.4;33.6;8.2;7.4;6.2;16.4;-13.4;-9.2;-4.6;0.0;-2.4;0.3;-4.5;2.0;-2.5;-3.9;-1.7;-0.9;-51.5;2.1;2.1;2.0;39.8;58.4;57.5;39.1;1.9;0.5;1.6;-2.2;37.3;42.5;1.4;-8.5;-8.5;1.7;42.3;-0.6;0.0;-4.8;-1.0;-22.6;-107.2;61.5;7.2;3.9;-1.1;25.0;159.4;5.2;5.0;-41.1;-0.0;-3.7;9.2;0.5;0.0;0.0;0.0;0.2;-0.9;5.5;-4.8;4.2;4.2;0.0;-65.1;-65.1;5.9;17.8;16.2;0.7;-0.0;0.7;2.0;25.8;17.9;29.3;5.2;5.1;5.5;-1.7;-2.3;0.3;-1.5;9.0;-5.1;1.3;-1.9;2.6;4.5;4.5;0.0;-0.5;0.0;-2.4;-3.6;1.0
0.8;0.8;-0.8;-0.8;0.3;0.3;0.3;0.3;2.1;-8.5;-3.4;13.0;13.0;16.0;16.0;-1.3;-1.3;-1.3;-1.3;-2.1;4.7;-1.2;-0.3;1.8;1.8;-0.2;-0.2;0.9;0.4;0.4;0.4;-4.2;-4.2;0.0;0.0;0.0;8.1;-0.5;-0.5;-2.3;0.3;0.3;0.1;0.0;6.5;-0.1;-0.1;1.1;1.1;1.1;0.0;0.0;0.4;0.4;0.4;-2.1;-2.1;0.4;0.4;-0.8;0.0;-0.5;-0.5;0.3;0.3;-0.5;-0.5;1.8;1.8;0.7;0.7;20.0;20.0;0.0;0.5;-0.7;-0.7;0.2;0.2;0.2;-1.7;0.0;0.0;0.0;-0.0;2.3;2.3;-0.1;-0.1;0.2;0.2;0.5;0.5;-7.4;-7.4;0.1;-0.2;-0.2;-1.8;-1.8;-1.8;0.2;0.2;-4.8;-50.3;-50.3;-5.1;0.0;-21.6;0.2;-112.3;-110.9;3.3;-21.9;-1.7;-7.5;-21.9;38.8;7.7;8.0;6.8;17.2;-11.7;-8.4;-4.7;-0.0;-1.7;0.5;-4.9;2.4;-2.4;-4.5;-1.7;-0.7;-59.4;2.6;2.6;2.4;56.4;75.8;74.7;55.5;2.3;0.3;1.2;-2.2;24.2;29.9;16.8;-14.0;-14.0;4.2;47.6;-0.6;0.0;-5.3;-1.8;-25.4;-106.3;61.8;10.8;7.4;-0.9;16.7;119.7;4.0;3.8;-26.5;-0.0;-3.1;9.8;3.1;-0.0;0.0;0.0;-3.4;-4.5;3.5;-6.8;3.7;3.7;0.0;-60.8;-60.8;5.4;17.1;18.3;0.1;-0.0;0.1;4.3;26.0;21.3;29.7;5.5;5.4;5.8;-1.4;-2.4;0.2;-1.5;5.3;-5.1;-12.6;-2.1;2.2;2.9;3.1;-0.8;-0.5;-0.0;-2.4;-3.9;0.8
0.8;0.8;-0.7;-0.7;0.4;0.4;0.4;0.4;2.3;-7.5;-3.2;13.0;13.0;16.0;16.0;-1.2;-1.2;-1.5;-1.5;0.0;5.6;-0.3;-0.1;2.0;2.0;-0.3;-0.3;1.5;0.5;0.5;0.5;-4.8;-4.8;0.0;0.0;0.0;6.9;-0.3;-0.3;-4.5;0.9;0.9;0.1;0.0;-0.8;0.0;0.0;0.5;1.3;1.3;0.0;0.0;0.3;0.3;0.3;-2.1;-2.1;0.7;0.7;0.0;0.0;-0.6;-0.6;-0.2;-0.2;-0.7;-0.7;2.0;2.0;1.1;1.1;20.0;20.0;0.0;0.7;-0.7;-0.7;0.3;0.3;0.3;-2.0;-0.6;0.0;0.0;-0.3;2.4;2.4;-0.0;-0.0;0.3;0.3;0.6;0.6;-8.2;-8.2;0.0;-0.2;-0.2;-2.0;-2.0;-2.0;0.3;0.3;-5.1;-51.0;-51.0;-4.7;0.0;-13.8;0.3;-111.7;-110.2;6.3;-24.6;0.9;-6.1;-24.6;38.1;10.0;8.2;6.9;16.9;-15.1;-12.9;23.1;-0.0;-2.4;0.1;-4.8;1.7;-2.9;-4.2;-2.0;-0.7;-64.8;2.3;2.3;2.1;64.3;84.9;83.6;63.4;2.0;0.2;1.2;-2.0;23.5;29.7;10.0;-28.8;-28.8;1.9;45.6;-0.5;0.0;-5.0;-1.8;-25.2;-107.4;60.1;12.9;9.3;-0.9;21.3;116.7;4.5;4.3;-34.6;-0.0;-3.4;9.2;0.7;-0.0;0.0;0.0;-1.9;-3.0;3.6;-6.7;4.0;4.0;0.0;-69.7;-69.7;5.9;17.7;18.1;0.3;-0.0;0.3;5.8;28.1;23.7;33.4;6.9;6.8;7.3;-1.7;-2.2;0.3;-1.5;6.3;-5.5;-7.3;-2.1;2.3;3.3;3.6;-1.2;-0.5;0.0;-2.2;-3.9;0.6
0.4;0.4;-0.6;-0.6;0.3;0.3;0.3;0.3;2.3;-8.4;-3.6;13.0;13.0;16.0;16.0;-1.2;-1.2;-1.5;-1.5;0.0;4.3;-0.4;-0.2;1.6;1.6;-0.5;-0.5;1.5;0.3;0.3;0.3;-4.9;-4.9;0.1;0.0;0.0;2.2;0.0;0.0;-3.2;0.0;0.3;0.3;0.0;15.8;-0.2;-0.2;1.3;1.3;1.3;0.0;0.0;0.2;0.2;0.2;-2.6;-2.6;0.5;0.5;-1.3;0.0;-0.1;-0.1;-0.1;-0.1;-0.8;-0.8;1.8;1.8;1.0;1.0;20.0;20.0;0.0;0.6;-0.7;-0.7;0.3;0.3;0.3;-2.8;-0.7;0.0;0.0;-0.2;2.4;2.4;0.3;0.3;0.3;0.3;0.1;0.1;-7.5;-7.5;0.0;-0.2;-0.2;-1.5;-1.5;-1.5;0.3;0.3;-6.3;-47.0;-47.0;-5.1;0.0;-26.2;0.2;-95.7;-94.7;1.0;-23.2;-1.6;-5.5;-23.2;43.1;10.0;7.5;6.3;16.8;-14.6;-12.5;8.2;0.0;-1.6;0.2;-4.4;1.7;-2.9;-3.8;-2.0;-0.9;-60.0;2.4;2.4;2.2;85.4;101.1;99.6;84.2;2.1;-0.4;1.2;-3.0;38.1;42.5;-7.3;-28.7;-28.7;1.7;39.7;-0.2;0.0;-5.4;-1.8;-25.9;-103.7;63.8;12.2;9.4;-0.6;24.8;119.8;5.2;5.0;-33.0;-0.0;-4.0;9.1;0.4;0.0;0.0;0.0;-0.3;-1.4;4.4;-5.8;3.9;3.9;0.0;-60.1;-60.1;5.8;17.6;17.1;1.1;-0.0;1.1;7.2;28.9;25.9;34.7;6.2;6.1;6.6;-0.8;-2.3;0.3;-1.5;9.4;-5.5;-4.8;-1.2;2.0;3.3;3.5;-1.7;-0.5;0.0;-3.2;-3.0;0.5
0.5;0.5;0.1;0.1;0.3;0.3;0.3;0.3;2.1;-7.7;-3.3;13.0;13.0;16.0;16.0;-1.0;-1.0;-1.4;-1.4;0.0;3.9;-1.1;-0.5;1.9;1.9;-0.2;-0.2;1.0;0.2;0.2;0.2;-5.5;-5.5;0.1;0.0;0.0;3.7;-1.0;-1.0;-4.3;0.0;1.6;-0.1;0.0;0.9;-0.2;-0.2;1.5;1.0;1.0;0.0;0.0;0.3;0.3;0.3;-2.0;-2.0;0.5;0.5;-1.0;0.0;0.4;0.4;-0.2;-0.2;-0.3;-0.3;2.1;2.1;1.5;1.5;20.0;20.0;0.0;0.6;-0.6;-0.6;0.2;0.2;0.2;-2.3;-0.6;0.0;0.0;-1.1;4.0;4.0;0.2;0.2;0.4;0.4;-0.3;-0.3;-6.8;-6.8;0.0;-0.2;-0.2;-2.2;-2.2;-2.2;0.2;0.2;-3.7;-52.7;-52.7;-5.2;0.0;-23.7;0.2;-98.6;-97.5;0.5;-21.8;-2.8;-4.6;-21.8;41.4;10.9;7.8;6.6;17.5;-16.2;-12.2;-4.8;3.7;-1.6;0.2;-4.5;1.6;-2.9;-3.9;-2.0;-0.7;-58.5;2.4;2.4;2.3;96.7;111.5;109.9;95.4;2.1;0.6;1.6;-2.7;42.9;46.9;-4.1;-24.0;-24.0;1.3;42.9;0.1;0.0;-5.5;-1.7;-28.6;-103.0;65.7;15.0;12.4;-1.1;24.7;104.0;5.5;5.3;-23.4;-0.0;-3.7;9.6;0.1;-0.0;0.0;0.0;-0.1;-1.2;2.0;2.0;3.5;3.5;-0.0;-58.6;-58.6;6.3;18.1;19.5;0.6;-0.0;0.6;6.0;25.9;24.1;29.6;6.8;6.8;7.3;-0.6;-2.3;0.2;-1.5;6.6;-5.8;-10.5;-1.7;2.0;3.2;3.4;-2.2;-0.5;0.0;-3.0;-3.5;0.6
0.4;0.4;-0.2;-0.2;0.3;0.3;0.3;0.3;2.4;-8.1;-3.4;13.0;13.0;16.0;16.0;-1.1;-1.1;-1.3;-1.3;0.0;5.1;0.6;0.3;2.0;2.0;-0.2;-0.2;1.1;1.0;1.0;1.0;-4.8;-4.8;0.0;0.0;0.0;6.5;-0.1;-0.1;-5.8;0.0;2.7;0.3;0.0;1.1;-0.2;-0.2;1.6;1.2;1.2;0.0;0.0;0.5;0.5;0.5;-1.8;-1.8;0.7;0.7;2.3;0.0;-0.4;-0.4;-0.3;-0.3;-0.5;-0.5;1.6;1.6;0.9;0.9;20.0;20.0;0.0;0.4;-0.6;-0.6;0.4;0.4;0.4;-2.6;-0.5;0.0;0.0;-0.5;4.6;4.6;0.3;0.3;0.5;0.5;0.4;0.4;-8.2;-8.2;0.2;-0.1;-0.1;-2.4;-2.4;-2.4;0.5;0.5;-4.9;-50.9;-50.9;-5.1;0.0;-26.8;0.2;-108.1;-106.8;0.7;-21.7;2.7;-5.6;-21.7;36.6;10.6;8.1;6.8;16.4;-16.4;-15.0;15.5;-0.0;-1.4;0.2;-4.3;1.6;-2.8;-3.4;-2.0;-0.9;-64.1;2.6;2.6;2.4;94.9;113.2;111.6;93.5;2.2;0.1;1.2;-2.4;45.8;50.9;-6.7;-22.3;-22.3;-1.4;35.2;0.1;0.0;-5.2;-2.4;-31.5;-102.6;65.6;13.7;10.4;-1.5;22.9;92.5;4.8;4.6;-26.3;-0.0;-3.7;5.3;-2.5;-0.0;0.0;0.0;-2.6;-3.7;3.5;-6.8;3.9;3.9;0.0;-59.9;-59.9;6.3;18.1;18.2;0.4;-0.0;0.4;4.6;24.0;21.8;26.4;7.2;7.1;7.7;-0.6;-2.5;0.3;-1.5;16.4;-5.2;9.5;-1.8;2.8;4.1;4.3;-1.7;-0.4;0.0;-2.7;-3.6;0.6
0.5;0.5;-0.3;-0.3;0.3;0.3;0.3;0.3;2.9;-3.7;-1.6;13.0;13.0;16.0;16.0;-1.7;-1.7;-1.5;-1.5;0.0;2.8;-1.3;-0.5;1.6;1.6;-0.3;-0.3;2.0;1.0;1.0;1.0;-5.4;-5.4;0.0;0.0;0.0;6.9;-0.1;-0.1;-4.2;0.0;2.4;0.1;0.0;11.1;-0.1;-0.1;1.2;1.3;1.3;0.0;0.0;0.1;0.1;0.1;-2.3;-2.3;0.6;0.6;1.6;0.0;-0.3;-0.3;-0.3;-0.3;-0.6;-0.6;1.6;1.6;0.9;0.9;20.0;20.0;0.0;0.5;-0.7;-0.7;0.3;0.3;0.3;-1.9;-0.4;0.0;0.0;-0.4;2.5;2.5;0.3;0.3;-0.0;-0.0;0.3;0.3;-7.6;-7.6;0.0;-0.1;-0.1;-2.7;-2.7;-2.7;0.2;0.2;-4.9;-51.3;-51.3;-6.5;0.0;-31.3;0.2;-95.7;-94.7;5.9;-21.7;2.5;-7.0;-21.7;35.3;9.3;7.9;6.6;15.5;-17.3;-13.6;-5.3;-0.0;-2.1;0.8;-4.9;2.1;-2.3;-4.2;-1.7;-1.3;-56.5;2.4;2.4;2.2;97.7;113.9;112.3;96.4;2.1;-1.2;0.8;-2.6;47.6;52.1;3.3;-13.0;-13.0;-1.7;29.2;-0.3;0.0;-6.5;-3.8;-32.2;-109.6;56.9;6.0;3.2;-1.0;17.0;95.9;5.5;5.3;-17.4;-0.0;-3.7;7.7;-3.1;-0.0;0.0;0.0;-3.8;-4.9;0.3;0.2;3.3;3.3;0.0;-54.2;-54.2;5.8;17.5;21.7;-0.0;-0.0;-0.0;0.1;18.4;14.5;17.0;6.5;6.4;6.8;-1.5;-2.2;0.2;-1.5;21.1;-6.2;17.4;-2.2;2.5;3.6;3.8;-3.4;-0.5;-0.0;-2.9;-3.9;0.5
0.9;0.9;-0.2;-0.2;0.3;0.3;0.3;0.3;3.0;-6.6;-2.9;13.0;13.0;16.0;16.0;-1.8;-1.8;-1.6;-1.6;0.0;3.9;-0.4;-0.1;1.7;1.7;-0.2;-0.2;1.6;0.4;0.4;0.4;-5.5;-5.5;0.0;0.0;0.0;19.9;-0.8;-0.8;-4.2;0.0;1.8;-0.0;0.0;6.0;-0.0;-0.0;0.1;1.1;1.1;0.0;0.0;0.5;0.5;0.5;-2.1;-2.1;0.4;0.4;0.2;0.0;-0.3;-0.3;0.2;0.2;-0.5;-0.5;2.3;2.3;-0.2;-0.2;20.0;20.0;0.0;0.4;-0.8;-0.8;0.3;0.3;0.3;-2.4;-0.5;0.0;0.0;-0.6;2.8;2.8;0.0;0.0;-0.1;-0.1;0.3;0.3;-8.4;-8.4;0.0;-0.1;-0.1;-2.7;-2.7;-2.7;0.0;0.0;-6.0;-54.5;-54.5;-6.2;0.0;-39.8;0.2;-103.9;-102.7;0.3;-21.3;3.2;-7.5;-21.3;40.1;6.4;8.1;6.8;15.2;-14.6;-11.5;9.4;-0.0;-2.5;0.9;-5.1;1.9;-2.2;-4.4;-1.6;-1.4;-62.5;2.1;2.1;2.0;85.0;98.6;97.2;83.7;1.8;-0.6;0.8;-1.1;33.6;37.4;2.8;-14.7;-14.7;-5.0;33.5;-0.6;0.0;-6.3;-3.6;-29.7;-109.6;57.2;21.6;19.2;-0.9;17.7;98.4;6.2;6.0;-29.7;-0.0;-2.8;8.6;-6.0;0.0;0.0;0.0;-2.7;-3.8;1.2;1.2;3.9;3.9;-0.0;-58.7;-58.7;7.3;19.2;20.2;-0.4;-0.0;-0.4;-1.1;17.1;12.7;14.9;5.6;5.5;5.9;-1.8;-2.2;0.3;-1.5;16.3;-5.9;12.7;-1.8;2.3;4.1;4.1;-2.1;-0.5;0.0;-1.3;-3.7;0.7
1.0;1.0;-0.6;-0.6;0.3;0.3;0.3;0.3;2.7;-9.0;-3.6;13.0;13.0;16.0;16.0;-1.8;-1.8;-1.6;-1.6;0.0;3.7;0.1;0.0;1.5;1.5;0.1;0.1;2.3;0.2;0.2;0.2;-5.1;-5.1;0.0;0.0;0.0;-0.3;-0.5;-0.5;-3.1;0.0;0.7;-0.2;0.0;4.0;0.0;0.0;0.8;0.9;0.9;0.0;0.0;0.1;0.1;0.1;-2.0;-2.0;0.4;0.4;-0.6;0.0;-0.6;-0.6;-0.2;-0.2;-0.9;-0.9;1.0;1.0;0.8;0.8;20.0;20.0;0.0;0.5;-0.9;-0.9;0.3;0.3;0.3;-2.6;-0.7;0.0;0.0;-0.2;2.7;2.7;-0.1;-0.1;-0.1;-0.1;0.6;0.6;-7.7;-7.7;0.0;-0.1;-0.1;-1.1;-1.1;-1.1;0.0;0.0;-3.5;-51.8;-51.8;-6.2;0.0;-37.8;0.2;-107.2;-105.9;-1.2;-21.4;-6.5;-4.1;-21.4;43.7;7.9;8.0;6.8;15.2;-11.8;-6.0;7.5;-0.0;-3.0;0.8;-5.0;2.1;-2.5;-4.4;-1.8;-1.1;-63.2;1.9;1.9;1.8;91.0;108.0;106.5;89.7;1.7;-0.4;0.8;-1.0;40.1;44.9;-8.5;-10.5;-10.5;-2.5;33.2;-0.3;0.0;-6.4;-3.7;-36.5;-114.4;52.1;17.4;14.5;-1.3;16.9;95.3;5.2;5.0;-29.8;-0.0;-2.8;7.8;-3.8;-0.0;0.0;0.0;-2.7;-3.7;0.1;-0.0;3.6;3.6;0.0;-57.6;-57.6;7.3;19.2;18.5;-0.2;-0.0;-0.2;0.4;19.1;15.1;18.2;4.6;4.5;4.9;-2.2;-2.3;0.2;-1.5;18.6;-6.1;19.3;-2.4;1.7;3.7;3.8;-2.3;-0.5;0.0;-1.2;-4.5;0.6
1.0;1.0;-0.7;-0.7;0.3;0.3;0.3;0.3;2.4;-8.5;-3.4;13.0;13.0;16.0;16.0;-1.4;-1.4;-1.4;-1.4;0.0;3.2;-0.8;-0.4;2.2;2.2;-0.1;-0.1;1.7;0.3;0.3;0.3;-5.3;-5.3;0.0;0.0;0.0;9.1;-0.5;-0.5;-4.4;0.0;0.2;0.1;0.0;-0.8;-0.2;-0.2;1.0;1.1;1.1;0.0;0.0;0.1;0.1;0.1;-1.6;-1.6;0.6;0.6;-0.7;0.0;0.1;0.1;-0.4;-0.4;-0.7;-0.7;1.2;1.2;1.4;1.4;20.0;20.0;0.0;0.4;-0.9;-0.9;0.3;0.3;0.3;-2.9;-0.7;0.0;0.0;-0.0;2.6;2.6;-0.1;-0.1;0.0;0.0;-0.1;-0.1;-7.9;-7.9;0.2;-0.2;-0.2;-2.0;-2.0;-2.0;0.3;0.3;-4.3;-50.8;-50.8;-5.7;0.0;-29.0;0.2;-100.7;-99.6;-0.7;-23.0;-3.0;-2.2;-23.0;40.1;9.0;8.4;7.1;15.7;-12.7;-8.8;12.5;-0.0;-3.0;0.7;-5.0;2.1;-2.6;-4.4;-1.8;-1.1;-62.3;2.5;2.5;2.3;84.5;100.8;99.4;83.3;2.2;-0.5;0.8;-1.0;35.6;40.2;-4.6;-16.6;-16.6;-4.3;37.0;-0.4;0.0;-6.0;-3.5;-27.3;-110.4;57.2;20.1;17.2;-1.1;19.0;103.1;5.4;5.2;-31.0;-0.0;-2.8;7.6;-5.3;-0.0;-0.0;0.0;3.5;2.4;3.5;-6.8;3.5;3.5;-0.0;-54.2;-54.2;7.2;19.1;19.2;-0.1;-0.0;-0.1;0.6;17.7;15.5;15.8;4.9;4.8;5.3;-2.1;-2.3;0.2;-1.5;17.1;-6.3;12.2;-2.4;2.4;3.7;3.8;-1.1;-0.5;-0.0;-1.2;-4.3;0.5
0.7;0.7;-0.4;-0.4;0.3;0.3;0.3;0.3;2.4;-8.5;-3.7;13.0;13.0;16.0;16.0;-1.2;-1.2;-1.4;-1.4;0.0;4.3;-0.9;-0.3;2.2;2.2;-0.3;-0.3;1.0;0.2;0.2;0.2;-2.7;-2.7;0.0;0.0;0.0;11.5;-0.9;-0.9;-5.1;0.0;1.1;-0.1;0.0;1.6;-0.2;-0.2;1.4;1.4;1.4;0.0;0.0;0.4;0.4;0.4;-2.0;-2.0;0.7;0.7;-0.9;0.0;0.0;0.0;-0.3;-0.3;-0.5;-0.5;2.1;2.1;1.3;1.3;20.0;20.0;0.0;0.5;-0.8;-0.8;0.3;0.3;0.3;-3.5;-0.6;0.0;0.0;-0.4;2.9;2.9;0.1;0.1;0.7;0.7;-0.0;-0.0;-7.9;-7.9;0.0;-0.1;-0.1;-3.2;-3.2;-3.2;0.3;0.3;-5.2;-51.2;-51.2;-5.1;0.0;-27.2;0.2;-96.6;-95.6;0.5;-23.6;0.6;-3.3;-23.6;37.3;10.6;7.3;6.0;16.3;-11.8;-9.3;9.8;-0.0;-2.0;0.6;-4.6;1.7;-2.5;-4.0;-1.8;-1.0;-61.3;2.3;2.3;2.2;74.2;92.2;90.9;73.1;2.0;0.1;1.2;-2.9;32.1;37.3;-1.9;-17.1;-17.0;-3.5;35.9;-0.1;0.0;-5.4;-2.4;-19.5;-113.5;53.7;18.3;15.1;-2.0;21.0;115.7;-2.3;7.3;-33.1;-0.0;-4.5;8.5;-4.7;-0.0;0.0;0.0;-1.9;-3.0;3.0;-7.4;3.6;3.7;0.0;-52.7;-52.7;4.7;16.5;20.3;0.4;-0.0;0.4;-1.7;17.7;11.9;15.9;4.2;4.1;4.4;-1.7;-2.4;0.3;-1.5;18.9;-6.4;16.0;-1.6;3.3;4.8;4.8;-2.6;-0.5;-0.0;-3.1;-3.4;0.8
0.3;0.3;-0.6;-0.6;0.3;0.3;0.3;0.3;2.5;-8.3;-3.9;13.0;13.0;16.0;16.0;-1.4;-1.4;-1.3;-1.3;0.0;2.4;-2.8;-1.4;2.0;2.0;-0.0;-0.0;1.1;0.1;0.1;0.1;-5.4;-5.4;0.0;0.0;0.0;-1.6;-0.7;-0.7;-4.1;0.0;2.2;0.4;0.0;0.2;-0.2;-0.2;2.1;1.4;1.4;0.0;0.0;0.4;0.4;0.4;-1.9;-1.9;0.5;0.5;-0.2;0.0;-0.2;-0.2;-0.5;-0.5;-0.4;-0.4;2.0;2.0;0.3;0.3;20.0;20.0;0.0;0.4;-0.9;-0.9;0.2;0.2;0.2;-2.4;-0.6;0.0;0.0;-0.2;2.9;2.9;0.5;0.5;0.2;0.2;0.2;0.2;-7.7;-7.7;0.2;-0.1;-0.1;-2.1;-2.1;-2.1;0.2;0.2;-4.8;-50.5;-50.5;-5.6;0.0;-32.1;0.2;-104.5;-103.3;0.5;-24.0;-3.6;-3.4;-24.0;41.5;10.0;8.0;6.7;16.2;-11.6;-8.2;-4.6;-0.0;-1.7;0.7;-4.3;1.9;-2.2;-3.7;-1.6;-1.0;-64.2;2.3;2.3;2.2;75.0;92.1;90.8;73.9;2.0;0.2;1.2;-2.4;29.7;34.7;11.7;-6.7;-6.7;-0.4;37.6;0.1;0.0;-5.8;-2.2;-28.4;-115.7;51.1;12.7;9.7;-0.1;14.2;87.6;4.2;4.0;-17.9;-0.0;-4.8;9.1;-1.7;0.0;0.0;0.0;-4.7;-5.8;1.2;1.1;3.4;3.4;-0.0;-48.8;-48.8;5.3;17.0;19.2;0.5;-0.0;0.5;-3.4;16.7;9.2;14.1;5.8;5.7;6.2;-1.8;-2.4;0.2;-1.5;18.8;-5.3;14.5;-2.1;2.4;2.8;2.9;0.0;-0.5;0.0;-2.6;-3.9;0.5
0.8;0.8;-0.8;-0.8;0.3;0.3;0.3;0.3;2.6;-7.2;-3.3;13.0;13.0;16.0;16.0;-1.4;-1.4;-1.5;-1.5;0.0;3.2;-0.8;-0.5;2.2;2.2;-0.0;-0.0;1.6;0.4;0.4;0.4;-4.6;-4.6;0.1;0.0;0.0;5.4;0.3;0.3;-3.9;0.0;3.4;0.2;0.0;-0.2;-0.1;-0.1;1.1;1.1;1.1;0.0;0.0;0.2;0.2;0.2;-2.1;-2.1;0.8;0.8;-0.4;0.0;-1.1;-1.1;-0.4;-0.4;-0.6;-0.6;0.9;0.9;0.8;0.8;20.0;20.0;0.0;0.6;-0.9;-0.9;0.2;0.2;0.2;-1.1;-0.3;0.0;0.0;-0.4;2.6;2.6;-0.0;-0.0;0.0;0.0;1.0;1.0;-7.0;-7.0;0.0;-0.2;-0.2;-2.3;-2.3;-2.3;0.2;0.2;5.5;-50.2;-50.2;-5.4;0.0;-17.2;-0.3;-124.0;-122.3;-0.1;-24.8;-7.3;-2.9;-24.8;40.7;10.8;14.8;2.3;15.6;-8.8;-4.4;1.7;0.0;-2.7;0.3;-4.8;1.9;-2.6;-4.2;-1.9;-1.0;-61.5;2.4;2.4;2.2;72.5;84.4;83.2;71.4;2.1;0.5;1.2;-3.1;31.6;34.8;7.6;-9.9;-9.9;-0.2;30.7;-0.4;0.0;-5.7;-2.6;-24.2;-119.0;48.2;9.8;7.7;-1.3;14.7;66.4;4.3;4.1;-20.0;-0.0;-4.8;9.9;-1.4;-0.0;0.0;0.0;-4.2;-5.3;3.7;-6.7;3.9;3.9;0.0;-48.5;-48.6;6.1;18.0;16.9;0.6;-0.0;0.6;-4.1;1.0;8.2;15.7;4.8;4.7;5.1;-2.2;-2.1;0.2;-1.5;18.0;-5.6;15.5;-2.7;2.5;3.7;3.8;-1.1;-0.5;0.0;-3.3;-4.7;0.5
1.0;1.0;-0.8;-0.8;0.3;0.3;0.3;0.3;2.2;-8.0;-3.7;13.0;13.0;16.0;16.0;-1.5;-1.5;-1.4;-1.4;0.0;3.4;-0.4;-0.2;2.2;2.2;-0.0;-0.0;2.1;-0.1;-0.1;-0.1;-5.0;-5.0;0.0;0.0;0.0;0.5;-1.3;-1.3;-4.7;0.0;2.0;0.5;0.0;1.3;-0.2;-0.2;1.9;1.3;1.3;0.0;0.0;0.4;0.4;0.4;-2.1;-2.1;0.7;0.7;-0.5;0.0;-0.1;-0.1;-0.3;-0.3;-0.3;-0.3;1.9;1.9;0.9;0.9;20.0;20.0;0.0;0.6;-0.8;-0.8;0.2;0.2;0.2;-2.4;-0.4;0.0;0.0;-0.0;2.4;2.4;-0.2;-0.2;0.1;0.1;0.0;0.0;-7.5;-7.5;0.3;-0.2;-0.2;-2.5;-2.5;-2.5;0.2;0.2;-6.1;-41.8;-41.8;-5.5;-16.9;-15.5;0.2;-124.1;-122.3;0.2;-23.7;-5.0;-3.7;-23.7;41.7;9.0;7.5;6.3;15.3;-8.5;-5.4;10.7;-0.0;-2.5;0.2;-5.0;1.3;-2.9;-4.4;-2.0;-1.0;-63.0;2.5;2.5;2.3;76.2;94.1;92.8;75.1;2.1;0.2;1.2;-3.0;44.7;49.8;-15.9;0.6;0.5;0.3;32.5;-0.1;0.0;-5.7;-3.6;-28.0;-117.5;49.2;16.5;13.3;-1.1;15.7;40.4;4.6;4.4;-29.0;0.4;-5.1;7.2;-1.0;-0.0;0.0;0.0;-4.9;-6.0;0.3;0.2;3.3;3.3;0.0;-46.5;-46.5;5.2;17.0;16.1;0.5;-0.0;0.5;-5.5;0.9;5.9;6.5;4.7;4.6;5.0;-2.0;-1.9;0.2;-1.5;23.0;-5.6;22.2;-0.8;2.7;3.4;3.6;-1.2;-0.5;0.0;-3.2;-2.4;0.7
0.5;0.5;-0.9;-0.9;0.4;0.4;0.4;0.4;2.2;-7.8;-3.7;13.0;13.0;16.0;16.0;-1.4;-1.4;-1.5;-1.5;0.0;2.7;0.9;0.5;2.3;2.3;-0.1;-0.1;0.8;0.4;0.4;0.4;-4.7;-4.7;0.0;0.0;0.0;-1.1;-0.4;-0.4;-4.0;0.0;1.3;-0.1;0.0;3.2;-0.1;-0.1;2.1;1.5;1.5;0.0;0.0;0.3;0.3;0.3;-2.4;-2.4;0.8;0.8;-0.7;0.0;-0.1;-0.1;-0.6;-0.6;-0.1;-0.1;1.4;1.4;0.5;0.5;20.0;20.0;0.0;0.6;-0.6;-0.6;0.2;0.2;0.2;-3.2;-0.6;0.0;0.0;-0.1;2.1;2.1;-0.0;-0.0;0.1;0.1;0.2;0.2;-6.4;-6.4;0.0;-0.3;-0.3;-2.0;-2.0;-2.0;0.4;0.4;-4.0;-44.7;-44.7;-5.0;-17.6;6.8;0.2;-125.6;-123.8;3.1;-24.7;-0.9;-4.1;-24.7;38.8;9.4;8.0;6.7;17.1;-11.7;-6.7;-4.8;-0.0;-3.3;0.1;-5.2;1.3;-2.9;-4.5;-2.0;-1.0;-55.5;2.4;2.4;2.2;71.5;91.3;90.0;70.4;2.1;0.4;1.2;-2.1;47.0;52.6;-19.0;0.5;0.5;-3.6;35.4;-0.2;0.0;-5.3;-3.1;-20.6;-120.1;47.0;0.5;-3.0;-1.7;16.4;60.6;4.4;4.2;-30.2;0.3;-4.8;5.7;-4.7;0.0;0.0;0.0;-4.9;-6.0;2.6;-7.9;3.7;3.7;0.0;-50.8;-50.8;5.1;17.0;18.4;-0.4;-0.0;-0.4;-8.2;1.4;1.7;-1.2;4.9;4.8;5.2;-2.1;-1.5;0.2;-1.5;20.3;-5.8;22.1;-0.8;2.6;3.3;3.5;-2.1;-0.5;0.0;-2.2;-2.5;1.1
1.3;1.3;-0.5;-0.5;0.3;0.3;0.3;0.3;2.5;-8.1;-3.7;13.0;13.0;16.0;16.0;-1.8;-1.8;-1.5;-1.5;0.0;1.5;-1.1;-0.6;2.6;2.6;-0.2;-0.2;1.1;-0.1;-0.1;-0.1;-3.4;-3.4;0.0;0.0;0.0;8.5;-0.4;-0.4;-3.5;0.0;0.6;-0.7;0.0;2.7;-0.1;-0.1;2.0;1.5;1.5;0.0;0.0;0.3;0.3;0.3;-2.2;-2.2;0.6;0.6;-0.9;0.0;0.2;0.2;-0.4;-0.4;-0.2;-0.2;1.0;1.0;1.0;1.0;20.0;20.0;0.0;0.5;-0.8;-0.8;0.2;0.2;0.2;-3.0;-0.6;0.0;0.0;-0.4;1.7;1.7;-0.2;-0.2;0.1;0.1;-0.3;-0.3;-7.6;-7.6;0.2;-0.1;-0.1;-3.1;-3.1;-3.1;0.3;0.3;-4.6;-45.7;-45.7;-5.5;-17.9;-0.7;0.2;-131.5;-129.6;2.7;-23.5;-5.2;-7.2;-23.5;42.6;7.5;7.0;5.7;15.4;-6.0;-2.2;-6.4;0.6;-2.5;0.2;-5.6;1.4;-2.8;-4.9;-2.0;-1.3;-60.4;2.4;2.4;2.2;66.7;87.7;86.4;65.8;2.1;0.0;1.2;-2.2;45.1;51.1;-21.0;-11.3;-11.3;-2.0;37.7;-0.8;0.0;-5.8;-3.8;-23.9;-123.7;42.3;17.5;13.8;-0.7;17.2;86.4;-1.7;7.9;-42.0;0.3;-4.8;5.8;-3.3;0.0;0.0;0.0;-5.7;-6.8;-0.5;-0.6;3.0;3.0;-0.0;-52.4;-52.4;5.4;17.2;16.3;0.3;-0.0;0.3;-10.1;4.5;7.4;4.0;6.9;6.7;-2.7;-4.0;-1.9;0.2;-1.5;22.4;-6.2;19.6;-1.0;3.2;4.3;4.3;-3.1;-0.5;0.0;-2.2;-2.6;0.6
1.3;1.3;-0.7;-0.7;0.2;0.2;0.2;0.2;1.8;-8.6;-4.0;13.0;13.0;16.0;16.0;-2.2;-2.2;-1.4;-1.4;0.0;1.3;-1.9;-1.0;2.2;2.2;0.2;0.2;1.2;0.6;0.6;0.6;-3.3;-3.3;0.1;0.0;0.0;7.3;-1.0;-1.0;-4.1;0.0;2.1;-0.0;0.0;1.8;-0.5;-0.5;1.3;2.0;2.0;0.0;0.0;0.4;0.4;0.4;-1.9;-1.9;1.1;1.1;-0.4;0.0;-2.0;-2.0;-0.3;-0.3;-0.1;-0.1;1.0;1.0;0.5;0.5;20.0;20.0;0.0;0.5;-1.1;-1.1;0.3;0.3;0.3;-0.6;-0.2;0.0;0.0;-0.4;1.8;1.8;-0.2;-0.2;0.4;0.4;1.8;1.8;-6.7;-6.7;0.1;-0.1;-0.1;-3.3;-3.3;-3.3;0.4;0.4;19.0;-54.5;-54.5;-5.8;-17.7;12.4;0.2;-122.5;-120.8;5.7;-23.5;-8.6;-5.6;-23.5;40.4;8.6;6.6;5.3;14.2;-5.5;-1.3;17.0;0.0;-2.8;0.1;-5.6;1.6;-3.1;-4.9;-2.2;-1.6;-53.5;2.1;2.1;2.0;53.2;67.7;66.7;52.3;1.8;0.6;2.0;-2.8;34.1;38.2;-18.2;-17.4;-17.4;9.6;52.4;-1.0;0.0;-6.1;-4.1;-17.8;-126.1;39.5;-0.5;-3.1;-0.6;15.2;125.0;4.6;4.3;-48.1;0.3;-4.8;5.2;8.4;0.0;0.0;0.0;-4.0;-5.1;4.1;-6.3;4.3;4.3;0.0;-57.0;-57.0;5.1;17.0;12.4;-0.9;-0.0;-0.9;-8.5;3.7;1.2;2.7;6.6;6.5;-3.0;-4.0;-1.7;0.3;-1.5;18.5;-6.4;15.8;-2.2;2.3;4.0;4.1;-2.9;-0.5;0.0;-3.0;-4.6;0.6
0.8;0.8;-0.9;-0.9;0.3;0.3;0.3;0.3;2.0;-8.5;-3.6;13.0;13.0;16.0;16.0;-1.9;-1.9;-1.4;-1.4;0.0;0.8;-2.6;-1.3;2.1;2.1;-0.1;-0.1;1.8;0.5;0.5;0.5;-3.2;-3.2;0.0;0.0;0.0;-0.0;-0.6;-0.6;-4.4;0.0;2.1;-0.0;0.0;-0.6;-0.2;-0.2;1.6;1.8;1.8;0.0;0.0;0.3;0.3;0.3;-2.5;-2.5;1.0;1.0;-0.1;0.0;-2.1;-2.1;-0.5;-0.5;-0.5;-0.5;0.8;0.8;0.8;0.8;20.0;20.0;0.0;0.5;-1.1;-1.1;0.2;0.2;0.2;0.0;0.0;0.0;0.0;-0.1;1.4;1.4;-0.0;-0.0;0.0;0.0;1.9;1.9;-7.4;-7.4;0.0;-0.3;-0.3;-2.2;-2.2;-2.2;0.2;0.2;20.7;-54.7;-54.8;-5.8;-17.1;19.0;0.3;-119.8;-118.2;2.9;-23.2;-7.4;-6.3;-23.2;42.1;8.0;7.2;6.0;16.0;-6.2;-1.4;1.4;0.0;-1.9;0.7;-5.7;1.8;-2.4;-5.4;-1.7;-1.7;-53.0;1.9;1.8;1.7;47.6;64.4;63.5;46.9;1.5;1.1;2.4;-2.0;31.3;36.1;-18.1;-24.3;-24.3;10.9;55.4;-0.9;0.0;-5.9;-3.2;-4.1;-126.3;39.6;0.9;-2.1;0.8;17.2;128.8;4.8;4.6;-60.2;0.3;-4.8;6.4;9.6;0.0;0.0;0.0;-3.7;-4.8;0.5;0.5;3.4;3.4;0.0;-55.5;-55.5;5.2;17.1;15.7;-0.3;-0.0;-0.3;-7.1;3.8;3.5;2.8;6.4;6.3;-3.2;-4.2;-1.4;0.2;-1.5;13.7;-6.6;1.6;-2.5;1.5;3.2;3.2;-3.5;-0.5;0.0;-1.9;-5.0;0.5
1.7;1.7;-0.9;-0.9;0.4;0.4;0.4;0.4;2.2;-7.7;-3.3;13.0;13.0;16.0;16.0;-2.2;-2.2;-1.5;-1.5;0.0;1.0;-1.9;-0.9;1.7;1.7;-0.2;-0.2;1.4;-0.2;-0.2;-0.2;-4.5;-4.5;0.2;0.0;0.0;9.1;-0.6;-0.6;-4.7;0.0;1.0;-0.3;0.0;1.9;0.0;0.0;0.9;1.3;1.3;0.0;0.0;0.1;0.1;0.1;-2.1;-2.1;0.9;0.9;-0.3;0.0;-3.1;-3.1;-0.2;-0.2;-0.3;-0.3;1.1;1.1;0.9;0.9;20.0;20.0;0.0;0.5;-1.1;-1.1;0.2;0.2;0.2;-0.4;-0.1;0.0;0.0;-0.1;1.6;1.6;-0.5;-0.5;0.1;0.1;2.8;2.8;-8.6;-8.6;0.0;0.0;0.0;-3.3;-3.3;-3.3;0.4;0.4;16.7;-55.7;-55.7;-4.5;-16.9;44.2;0.3;-112.2;-110.8;2.9;-22.5;-2.7;-7.9;-22.5;37.5;8.1;7.2;5.9;15.9;-6.0;-2.0;3.1;0.0;-2.9;0.7;-5.7;1.4;-2.6;-5.3;-1.8;-1.8;-51.5;2.2;2.2;2.0;22.5;44.4;43.6;22.1;1.7;0.3;1.6;-2.4;13.7;20.3;-4.3;-30.3;-30.2;13.1;60.4;-1.1;0.0;-4.8;-2.5;17.3;-126.9;38.8;1.0;-2.9;-0.8;18.0;150.9;5.7;5.5;-73.7;0.3;-4.0;8.4;11.8;0.0;0.0;0.0;-2.6;-3.7;0.4;0.3;3.3;3.3;0.0;-55.5;-55.5;5.2;17.1;13.1;-0.3;-0.0;-0.3;-10.1;-0.7;-1.3;-4.7;6.7;6.6;-2.9;-3.8;-1.3;0.2;-1.5;21.5;-6.8;22.4;-2.9;2.1;3.6;3.7;-4.1;-0.5;0.0;-2.1;-5.6;0.7
1.4;1.4;-0.6;-0.6;0.3;0.3;0.3;0.3;2.3;-8.9;-3.4;13.0;13.0;16.0;16.0;-2.3;-2.3;-1.3;-1.3;0.0;0.8;-0.8;-0.4;1.2;1.2;-0.2;-0.2;1.1;-0.1;-0.1;-0.1;-4.9;-4.9;0.0;0.0;0.0;10.4;0.2;0.2;-5.4;0.0;2.7;-0.8;0.0;2.3;0.0;0.0;0.5;1.3;1.3;0.0;0.0;-0.3;-0.3;-0.3;-2.1;-2.1;1.0;1.0;0.3;0.0;-2.3;-2.3;-0.1;-0.1;-0.2;-0.2;0.3;0.3;1.0;1.0;20.0;20.0;0.0;0.4;-1.1;-1.1;0.3;0.3;0.3;0.0;0.0;0.0;0.0;-0.5;1.6;1.6;-0.4;-0.4;-0.0;-0.0;2.0;2.0;-10.1;-10.1;0.3;-0.1;-0.1;-3.8;-3.8;-3.8;0.5;0.5;16.2;-54.0;-54.1;-4.0;-16.6;37.4;0.2;-83.3;-82.6;2.9;-23.0;-3.3;-10.7;-23.0;40.4;7.2;7.5;6.2;16.5;-4.3;-1.4;-5.5;-0.0;-2.9;0.7;-5.9;0.9;-2.7;-5.2;-1.9;-2.0;-53.4;1.9;1.9;1.8;10.1;33.4;32.8;9.8;1.5;1.3;2.0;-2.2;6.0;13.1;-4.6;-34.4;-34.3;13.9;64.0;-0.9;0.0;-4.5;-1.6;41.8;-124.8;40.4;16.6;12.4;-0.6;23.9;185.9;5.7;5.5;-83.1;0.3;-4.0;6.1;12.7;0.0;0.0;0.0;-4.0;-5.1;2.1;-8.4;3.6;3.6;-0.0;-41.9;-41.9;5.0;16.8;11.4;-0.8;-0.0;-0.8;-10.0;0.1;-1.1;-3.3;7.0;6.9;-2.6;-3.9;-1.1;0.3;-1.5;20.8;-6.6;22.4;-3.0;2.7;4.6;4.5;-3.9;-0.5;0.0;-1.8;-5.7;0.5
1.6;1.6;-0.6;-0.6;0.3;0.3;0.3;0.3;2.6;-7.6;-2.9;13.0;13.0;16.0;16.0;-2.5;-2.5;-1.4;-1.4;0.0;0.8;-2.6;-1.4;1.5;1.5;-0.5;-0.5;1.3;0.1;0.1;0.1;-4.4;-4.4;0.1;0.0;0.0;17.2;-0.5;-0.5;-5.5;0.0;0.8;-0.1;0.0;8.2;-0.0;-0.0;0.4;1.2;1.2;0.0;0.0;0.0;0.0;0.0;-2.3;-2.3;0.8;0.8;-0.2;0.0;-2.8;-2.8;0.0;0.0;-0.2;-0.2;1.5;1.5;0.7;0.7;20.0;20.0;0.0;0.5;-1.2;-1.2;0.3;0.3;0.3;0.2;0.1;0.0;0.0;-0.4;1.6;1.6;-0.5;-0.5;-0.3;-0.3;2.6;2.6;-8.2;-8.2;0.1;-0.1;-0.1;-3.5;-3.5;-3.5;0.6;0.6;15.8;-58.0;-58.0;-3.4;-16.7;26.2;0.3;-60.3;-60.2;3.4;-22.0;-0.3;-10.5;-22.0;37.3;8.6;6.7;5.4;16.2;-6.8;-4.2;9.4;0.0;-2.5;0.8;-6.1;0.4;-2.5;-5.4;-1.8;-2.0;-45.0;1.7;1.7;1.5;15.3;38.6;37.9;15.0;1.3;0.4;1.6;-2.3;1.9;9.1;-8.7;-30.2;-30.1;10.2;63.6;-1.0;0.0;-4.0;-1.4;45.6;-123.8;41.9;21.4;17.3;-0.6;24.1;194.8;5.4;5.2;-85.3;-0.0;-3.7;6.3;8.8;0.0;0.0;0.0;-2.5;-3.6;2.0;-8.4;3.6;3.6;-0.0;-42.7;-42.7;5.0;16.8;12.2;-0.8;-0.0;-0.8;-9.3;-0.3;0.0;-4.0;7.0;7.0;-2.5;-3.2;-0.9;0.3;-1.5;20.1;-6.0;18.2;-2.9;1.9;3.9;4.0;-3.6;-0.5;0.0;-1.9;-5.7;0.6
1.2;1.2;-0.5;-0.5;0.3;0.3;0.3;0.3;2.6;-7.5;-2.9;13.0;13.0;16.0;16.0;-2.3;-2.3;-1.6;-1.6;0.0;0.0;0.2;0.1;1.4;1.4;-0.3;-0.3;1.4;-0.4;-0.4;-0.4;-5.0;-5.0;0.0;0.0;0.0;5.2;-0.6;-0.6;-5.9;0.0;1.0;-0.4;0.0;9.4;-0.3;-0.3;2.2;1.2;1.2;0.0;0.0;0.1;0.1;0.1;-2.3;-2.3;0.8;0.8;-0.1;0.0;-2.5;-2.5;-0.5;-0.5;-0.5;-0.5;1.0;1.0;0.7;0.7;20.0;20.0;0.0;0.4;-1.1;-1.1;0.2;0.2;0.2;-0.8;-0.1;0.0;0.0;-0.6;1.3;1.3;-0.3;-0.3;-0.0;-0.0;2.3;2.3;-8.0;-8.0;0.0;-0.2;-0.2;-3.3;-3.3;-3.3;0.1;0.1;18.8;-56.3;-56.4;-3.6;-17.8;24.5;0.2;-59.8;-59.7;3.4;-21.2;-2.7;-9.5;-21.2;35.5;8.0;6.5;5.2;16.3;-4.0;-0.7;-6.3;-0.0;-2.2;0.7;-6.0;0.9;-2.7;-5.1;-1.9;-2.1;-51.6;1.9;1.9;1.8;5.6;31.1;30.6;5.4;1.5;0.4;1.6;-1.5;4.2;12.3;-12.2;-35.2;-35.1;8.3;63.2;-1.1;0.0;-4.2;-0.8;49.0;-123.6;42.2;23.9;19.4;-0.6;28.9;214.3;4.1;3.9;-82.1;-0.0;-3.7;5.9;6.6;-0.0;0.0;0.0;-6.6;-7.7;0.4;-10.2;3.2;3.2;-0.0;-29.2;-29.2;4.5;16.4;11.0;-0.3;-0.0;-0.3;-9.0;-0.3;0.4;-4.1;6.4;6.4;-3.2;-3.0;-0.9;0.2;-1.5;22.8;-6.4;24.4;-2.2;2.2;4.1;4.1;-4.0;-0.5;0.0;-1.2;-5.0;1.0
1.6;1.6;-0.7;-0.7;0.3;0.3;0.3;0.3;2.5;-7.5;-2.9;13.0;13.0;16.0;16.0;-2.3;-2.3;-1.6;-1.6;0.0;0.0;0.4;0.2;1.8;1.8;-0.1;-0.1;0.7;-0.8;-0.8;-0.8;-3.9;-3.9;0.0;0.0;0.0;10.1;-1.0;-1.0;-5.1;0.0;0.3;-0.6;0.0;2.6;-0.4;-0.4;1.3;1.1;1.1;0.0;0.0;0.2;0.2;0.2;-2.3;-2.3;0.7;0.7;-0.4;0.0;-2.5;-2.5;-0.2;-0.2;-0.3;-0.3;1.1;1.1;0.3;0.3;20.0;20.0;0.0;0.5;-1.5;-1.5;0.3;0.3;0.3;-0.1;-0.0;0.0;0.0;-0.4;0.8;0.8;-0.6;-0.6;-0.2;-0.2;2.2;2.2;-9.1;-9.1;0.0;-0.1;-0.1;-3.8;-3.8;-3.8;0.2;0.2;17.7;-55.4;-55.5;-3.1;-18.0;-9.7;0.3;-76.4;-75.9;0.9;-21.4;-4.8;-10.6;-21.4;39.2;5.6;6.2;4.9;15.7;1.7;5.6;2.9;0.0;-2.7;0.7;-5.9;0.5;-2.7;-4.8;-1.9;-2.3;-55.8;1.4;1.4;1.3;-24.7;-1.6;-1.7;-24.5;1.1;-0.3;0.8;-2.2;-0.0;7.2;-24.0;-43.0;-42.9;5.8;43.5;-1.1;0.0;-3.6;-1.1;47.5;-125.6;40.0;-6.7;-10.8;-0.8;32.1;216.8;3.0;2.7;-96.9;-0.0;-4.0;4.8;4.2;0.0;-0.0;0.0;-5.8;-6.9;0.3;-10.3;2.9;2.9;0.0;-43.1;-43.2;4.3;16.2;8.0;-1.0;-0.0;-1.0;-9.5;0.9;-0.3;-2.0;5.4;5.3;-4.2;-3.3;-1.4;0.3;-1.5;23.5;-6.4;17.5;-3.4;2.3;4.4;4.8;-3.9;-0.5;0.0;-1.8;-6.1;0.9
1.7;1.7;-0.8;-0.8;0.3;0.3;0.3;0.3;1.9;-10.6;-4.1;13.0;13.0;16.0;16.0;-2.5;-2.5;-1.7;-1.7;0.0;0.0;-0.7;-0.4;1.6;1.6;-0.2;-0.2;0.7;-0.6;-0.6;-0.6;-3.4;-3.4;0.0;0.0;0.0;12.6;-0.8;-0.8;-5.0;0.0;-0.5;-0.7;0.0;12.9;-0.0;-0.0;1.1;1.0;1.0;0.0;0.0;0.4;0.4;0.4;-2.2;-2.2;0.5;0.5;-0.2;0.0;-2.9;-2.9;-0.1;-0.1;-0.3;-0.3;1.0;1.0;-0.1;-0.1;20.0;20.0;0.0;0.6;-1.6;-1.6;0.4;0.4;0.4;0.4;0.1;0.0;0.0;-0.3;1.0;1.0;-0.8;-0.8;-0.1;-0.1;2.6;2.6;-8.7;-8.7;0.1;0.0;0.0;-3.5;-3.5;-3.5;0.4;0.4;19.4;-49.5;-49.6;-2.5;-18.2;-12.5;0.2;-68.2;-67.9;0.4;-21.5;-2.7;-11.2;-21.5;33.4;5.0;6.0;4.8;15.1;7.2;6.2;-5.1;1.7;-2.4;0.4;-6.0;-0.1;-2.8;-4.7;-1.9;-2.6;-63.5;1.5;1.5;1.4;-49.2;-22.4;-22.2;-48.7;1.1;-0.8;0.8;-1.9;-5.2;3.4;-26.6;-51.6;-51.4;3.4;34.2;-1.3;0.0;-3.1;-1.3;53.5;-126.3;39.1;-17.8;-22.5;-0.6;35.2;245.0;1.5;1.3;-94.2;-0.0;-4.3;3.8;1.9;0.0;0.0;0.0;-3.3;-4.3;0.3;-10.3;3.1;3.1;0.0;-27.9;-27.9;3.8;15.7;2.2;-1.1;-0.0;-1.1;-9.6;0.7;-0.5;-2.4;5.2;5.2;-4.3;-3.2;-1.8;0.4;-1.5;23.9;-6.9;15.0;-2.9;1.7;4.0;3.9;-4.1;-0.5;0.0;-1.6;-5.6;0.8
2.1;2.1;-1.0;-1.0;0.3;0.3;0.3;0.3;1.8;-8.3;-3.0;13.0;13.0;16.0;16.0;-2.4;-2.4;-1.7;-1.7;0.0;0.0;0.5;0.3;1.4;1.4;-0.5;-0.5;1.8;-0.8;-0.8;-0.8;-4.4;-4.4;0.2;0.0;0.0;-1.3;-0.9;-0.9;-5.8;0.0;-0.2;-1.2;0.0;15.4;-0.2;-0.2;0.7;1.0;1.0;0.0;0.0;0.4;0.4;0.4;-2.6;-2.6;0.5;0.5;0.8;0.0;-1.7;-1.7;-0.0;-0.0;-0.4;-0.4;1.3;1.3;-0.2;-0.2;20.0;20.0;0.0;0.5;-1.5;-1.5;0.3;0.3;0.3;-2.5;-0.5;0.0;0.0;-0.1;0.4;0.4;-0.9;-0.9;-0.4;-0.4;1.7;1.7;-9.1;-9.1;0.0;-0.1;-0.1;-2.9;-2.9;-2.9;0.3;0.3;11.0;-50.1;-50.2;-3.0;-18.6;-38.8;0.3;-78.9;-78.4;-0.7;-20.9;-1.5;-11.9;-21.0;32.6;4.7;4.9;3.6;13.1;10.2;7.6;-3.8;-0.0;-2.7;0.2;-6.1;-0.2;-3.0;-4.9;-2.1;-2.4;-66.0;1.3;1.2;1.1;-55.5;-25.8;-25.6;-55.0;0.9;-1.0;0.0;-2.0;-1.4;8.1;-26.6;-50.2;-50.0;0.4;24.4;-1.3;0.0;-3.5;-1.3;41.6;-126.8;38.3;-24.0;-29.2;-0.9;37.1;213.9;-4.5;5.2;-94.8;-0.0;-4.3;4.0;-1.2;0.0;0.0;0.0;-6.4;-7.4;-1.4;-11.9;2.8;2.8;0.0;-33.5;-33.5;3.7;15.5;0.2;-1.8;-0.0;-1.8;-8.6;3.0;1.1;1.5;5.8;5.8;-3.7;-3.2;-2.0;0.2;-1.5;31.3;-7.0;24.0;-2.8;1.5;3.5;3.5;-3.8;-0.5;0.0;-1.5;-5.1;1.4
2.1;2.1;-0.7;-0.7;0.3;0.3;0.3;0.3;2.1;-9.4;-3.4;13.0;13.0;16.0;16.0;-2.4;-2.4;-1.8;-1.8;0.0;0.1;0.4;0.2;1.5;1.5;0.0;0.0;1.4;-0.6;-0.6;-0.6;-4.6;-4.6;0.0;0.0;0.0;1.7;-0.3;-0.3;-5.4;0.0;-0.3;-1.8;0.0;1.1;0.1;0.1;1.1;0.9;0.9;0.0;0.0;0.2;0.2;0.2;-2.2;-2.2;0.4;0.4;0.0;0.0;-1.5;-1.5;-0.3;-0.3;-0.2;-0.2;0.1;0.1;0.4;0.4;20.0;20.0;0.0;0.5;-1.7;-1.7;0.2;0.2;0.2;-1.6;-0.4;0.0;0.0;-0.4;0.6;0.6;-0.7;-0.7;-0.6;-0.6;1.8;1.8;-8.6;-8.6;0.2;-0.0;-0.0;-3.6;-3.6;-3.6;0.3;0.3;10.5;-52.1;-52.1;-3.0;-19.4;-43.8;0.3;-66.2;-65.9;-0.9;-21.8;2.4;-14.5;-21.8;32.0;2.2;5.2;3.9;12.1;13.3;8.5;23.5;-0.0;-2.9;0.1;-6.2;-0.3;-3.1;-5.1;-2.1;-2.3;-68.1;1.3;1.3;1.2;-54.5;-35.3;-35.0;-53.9;1.0;-0.4;1.2;-2.3;-3.6;2.3;-24.6;-55.6;-55.4;-0.8;20.4;-1.4;0.0;-3.5;-1.6;47.1;-124.5;40.7;-26.3;-29.7;-0.6;41.7;241.9;-4.9;4.8;-90.0;-0.0;-4.5;3.8;-2.4;0.0;0.0;0.0;-5.6;-6.7;-0.1;-10.6;3.0;3.0;0.0;-28.3;-28.3;3.5;15.4;-1.0;-1.8;-0.0;-1.8;-6.6;4.5;4.3;4.1;4.7;4.6;-4.9;-3.4;-2.0;0.2;-1.5;28.0;-7.0;20.6;-3.0;2.1;4.3;4.2;-3.7;-0.5;-0.0;-1.9;-5.2;0.5
2.5;2.5;-0.9;-0.9;0.3;0.3;0.3;0.3;1.7;-9.1;-3.9;13.0;13.0;16.0;16.0;-2.5;-2.5;-1.7;-1.7;0.0;0.1;1.0;0.4;1.2;1.2;-0.5;-0.5;2.0;-1.1;-1.1;-1.1;-4.7;-4.7;0.0;0.0;0.0;-0.1;-0.7;-0.7;-5.1;0.0;-0.8;-1.5;0.0;15.1;-0.1;-0.1;0.8;0.9;0.9;0.0;0.0;0.3;0.3;0.3;-2.6;-2.6;0.5;0.5;-0.1;0.0;-1.3;-1.3;-0.2;-0.2;-0.6;-0.6;0.9;0.9;0.2;0.2;20.0;20.0;0.0;0.8;-1.8;-1.8;0.3;0.3;0.3;-1.3;-0.3;0.0;0.0;-0.2;0.3;0.3;-1.2;-1.2;-0.6;-0.6;1.4;1.4;-8.2;-8.2;0.0;-0.1;-0.1;-3.3;-3.3;-3.3;0.3;0.3;10.4;-56.4;-56.4;-3.4;-20.1;-54.4;0.2;-67.9;-67.6;-1.1;-21.6;0.7;-14.0;-21.6;31.5;1.6;4.0;2.7;11.3;17.9;10.1;14.2;0.0;-3.3;-0.1;-6.1;-0.4;-3.3;-4.9;-2.3;-2.6;-69.5;1.1;1.1;1.0;-66.3;-43.5;-43.1;-65.6;0.9;-0.1;1.2;-2.3;-7.4;-0.4;-23.7;-56.3;-56.1;-0.7;19.7;-1.4;0.0;-3.9;-1.5;42.7;-124.7;40.2;-32.8;-37.0;0.3;42.1;241.9;-0.1;-0.3;-92.7;-0.0;-4.5;4.0;-2.4;-0.0;0.0;0.0;-3.3;-4.4;-0.7;-11.2;2.9;2.9;0.0;-32.8;-32.8;3.5;15.4;-4.5;-1.6;-0.0;-1.6;-7.2;3.9;3.2;3.1;4.5;4.4;-5.1;-3.8;-2.3;0.3;-1.5;26.7;-7.3;18.0;-3.1;1.9;4.3;4.3;-4.2;-0.5;0.0;-2.1;-5.3;1.0
1.8;1.8;-1.0;-1.0;0.3;0.3;0.3;0.3;1.6;-7.7;-3.0;13.0;13.0;16.0;16.0;-2.4;-2.4;-1.7;-1.7;0.0;0.1;0.9;0.3;1.3;1.3;0.3;0.3;1.1;-0.6;-0.6;-0.6;-4.1;-4.1;0.0;0.0;0.0;-1.9;-0.8;-0.8;-5.1;0.0;0.3;-1.6;0.0;0.4;0.0;0.0;0.8;0.6;0.6;0.0;0.0;0.3;0.3;0.3;-2.1;-2.1;0.1;0.1;0.4;0.0;-1.3;-1.3;-0.3;-0.3;-0.4;-0.4;0.6;0.6;0.0;0.0;20.0;20.0;0.0;0.5;-1.7;-1.7;0.3;0.3;0.3;-1.5;-0.4;0.0;0.0;-0.1;0.7;0.7;-0.8;-0.8;-0.6;-0.6;1.1;1.1;-9.7;-9.7;0.0;0.0;0.0;-3.8;-3.8;-3.8;0.3;0.3;9.2;-55.0;-55.0;-1.6;-20.1;-43.7;0.3;-29.3;-30.0;-0.6;-21.2;4.3;-15.6;-21.2;27.5;3.8;5.4;4.1;12.7;13.4;7.9;14.4;-0.0;-2.9;0.2;-5.7;-0.1;-3.0;-4.5;-2.1;-2.7;-62.3;1.6;1.5;1.4;-46.5;-29.6;-29.3;-46.0;1.2;-0.6;0.0;-2.1;-3.5;1.5;-21.2;-54.6;-54.4;1.3;19.3;-1.5;0.0;-2.2;-0.1;69.2;-120.0;45.1;-28.9;-32.1;-0.5;48.3;263.0;1.9;1.7;-77.3;-0.0;-3.4;4.4;-0.3;-0.0;0.0;0.0;-3.5;-4.6;-0.3;-10.7;2.8;2.8;0.0;-23.2;-23.2;4.1;16.0;-1.4;-2.0;-0.0;-2.0;-6.2;5.0;4.8;4.9;4.0;3.9;-5.6;-2.5;-2.2;0.2;-1.5;22.6;-7.0;14.4;-3.0;1.9;4.4;4.2;-4.1;-0.5;0.0;-2.0;-5.0;0.5
2.2;2.2;-0.9;-0.9;0.3;0.3;0.3;0.3;1.6;-9.5;-3.0;13.0;13.0;16.0;16.0;-2.3;-2.3;-1.8;-1.8;0.0;-0.1;-0.4;-0.1;1.5;1.5;-0.1;-0.1;0.4;-0.9;-0.9;-0.9;-5.0;-5.0;0.0;0.0;0.0;-2.7;-0.4;-0.4;-4.0;0.0;-0.6;-1.7;0.0;-0.4;-0.1;-0.1;0.6;0.7;0.7;0.0;0.0;0.3;0.3;0.3;-2.0;-2.0;0.1;0.1;0.0;0.0;-1.7;-1.7;0.0;0.0;-0.5;-0.5;0.5;0.5;0.2;0.2;20.0;20.0;0.0;0.8;-1.7;-1.7;0.2;0.2;0.2;-1.5;-0.4;0.0;0.0;-0.3;0.3;0.3;-1.2;-1.2;-0.5;-0.5;1.9;1.9;-8.7;-8.7;0.0;0.0;0.0;-4.2;-4.2;-4.2;0.3;0.3;10.9;-59.7;-59.7;-1.0;-19.7;-43.4;0.3;-12.9;-14.0;-0.5;-22.2;1.9;-15.4;-22.2;28.5;4.9;5.5;4.3;13.8;15.2;10.4;22.4;-0.0;-2.4;0.1;-5.4;-0.1;-2.9;-4.0;-2.0;-2.7;-62.2;1.0;1.0;0.9;-51.4;-33.1;-32.8;-50.8;0.7;-0.3;0.0;-2.3;-8.0;-2.5;-14.5;-52.3;-52.1;2.5;31.0;-1.5;0.0;-1.6;-0.1;80.0;-121.0;45.2;-15.0;-18.4;-1.0;48.3;283.8;1.9;1.7;-77.3;-0.0;-3.7;6.3;0.9;-0.0;0.0;0.0;-6.4;-7.4;-2.0;-12.6;2.6;2.6;0.0;-20.1;-20.1;12.4;12.8;-0.3;-2.4;-0.0;-2.4;-4.5;5.3;7.5;5.4;3.5;3.4;-6.2;-2.2;-2.2;0.2;-1.5;16.5;-6.7;3.1;-3.4;1.7;4.6;4.6;-3.8;-0.5;0.0;-2.2;-5.4;0.6
1.6;1.6;-1.0;-1.0;0.4;0.4;0.4;0.4;1.5;-9.1;-3.0;13.0;13.0;16.0;16.0;-2.5;-2.5;-1.8;-1.8;0.0;-0.0;-0.1;-0.0;1.5;1.5;0.0;0.0;0.6;-1.0;-1.0;-1.0;-0.8;-0.8;0.0;0.0;0.0;-2.5;-0.9;-0.9;-6.1;0.0;-1.0;-1.5;0.0;-0.4;-0.1;-0.1;0.9;0.8;0.8;0.0;0.0;0.3;0.3;0.3;-2.3;-2.3;0.2;0.2;0.2;0.0;-1.8;-1.8;-0.2;-0.2;-0.6;-0.6;0.7;0.7;-0.0;-0.0;20.0;20.0;0.0;1.0;-1.8;-1.8;0.3;0.3;0.3;-1.8;-0.4;0.0;0.0;-0.1;0.3;0.3;-0.7;-0.7;-0.6;-0.6;1.7;1.7;-3.7;-3.7;0.0;-0.2;-0.2;-3.5;-3.5;-3.5;0.1;0.1;10.6;-61.3;-61.3;-0.2;-18.5;-48.1;0.3;15.3;13.4;-0.8;-22.7;2.4;-16.6;-22.7;29.8;2.5;5.6;4.4;12.4;18.3;13.5;-6.3;-0.0;-2.8;-0.6;-5.8;-0.6;-3.5;-4.2;-2.4;-2.7;-59.3;1.1;1.1;1.0;-65.6;-35.1;-34.7;-64.9;0.9;-0.5;0.0;-1.7;-10.9;-1.2;-15.3;-57.6;-57.4;3.2;30.7;-1.5;0.0;-0.8;0.6;94.7;-119.7;46.3;-19.3;-24.7;-1.2;53.3;328.6;0.2;0.0;-65.3;-0.0;-3.7;5.0;1.6;-0.0;0.0;0.0;-5.2;-6.2;-1.3;-12.0;2.9;2.9;0.0;-9.9;-9.9;4.1;16.0;-3.0;-2.5;-0.0;-2.5;-3.6;7.7;8.9;9.3;-4.0;5.3;-4.3;-1.9;-2.4;0.2;-1.5;15.9;-7.1;0.3;-3.6;1.3;4.2;4.3;-4.3;-0.5;0.0;-1.7;-5.7;0.6
1.8;1.8;-1.1;-1.1;0.2;0.2;0.2;0.2;1.2;-10.8;-3.4;13.0;13.0;16.0;16.0;-2.5;-2.5;-1.8;-1.8;0.0;0.1;0.7;0.4;1.2;1.2;0.1;0.1;1.0;-0.8;-0.8;-0.8;-1.0;-1.0;0.0;0.0;0.0;-2.6;-0.7;-0.7;-5.1;0.0;-1.5;-1.4;0.0;-0.4;-0.1;-0.1;1.4;1.1;1.1;0.0;0.0;0.1;0.1;0.1;-1.9;-1.9;0.3;0.3;0.6;0.0;-2.3;-2.3;-0.4;-0.4;-0.8;-0.8;0.3;0.3;-0.1;-0.1;20.0;20.0;0.0;0.6;-1.8;-1.8;0.2;0.2;0.2;-3.1;-0.8;0.0;0.0;-0.3;-0.2;-0.2;-0.6;-0.6;-0.8;-0.8;2.3;2.3;-0.7;-0.7;0.0;-0.1;-0.1;-3.7;-3.7;-3.7;0.2;0.2;1.1;-53.1;-53.1;-0.3;-18.8;-62.2;0.3;11.5;9.7;-0.5;-23.4;-0.7;-16.8;-23.4;32.4;1.6;5.4;4.1;12.7;21.2;14.9;-6.7;0.0;-3.0;-0.6;-5.9;-0.4;-3.4;-4.1;-2.3;-2.8;-61.1;1.6;1.6;1.5;-66.0;-33.7;-33.4;-65.3;1.3;-0.9;0.0;-2.3;-11.4;-1.0;-10.8;-55.5;-55.3;6.8;25.6;-1.5;0.0;-1.0;1.2;84.3;-116.8;49.1;-13.3;-19.0;-0.7;54.9;315.7;-1.0;-1.2;-58.6;-0.0;-4.0;6.1;5.2;0.0;0.0;0.0;-4.5;-5.5;-0.8;-11.4;3.0;3.0;0.0;-11.4;-11.4;4.1;16.0;-10.4;-2.9;-0.0;-2.9;-2.8;9.4;10.3;12.3;-2.2;7.1;-2.4;-2.2;-2.3;0.2;-1.5;17.4;-7.4;5.3;-3.0;1.6;4.4;4.5;-4.1;-0.5;0.0;-2.3;-5.0;0.5
1.3;1.3;-1.2;-1.2;0.2;0.2;0.2;0.2;0.8;-10.8;-3.4;13.0;13.0;16.0;16.0;-2.6;-2.6;-1.8;-1.8;0.0;0.0;0.0;0.0;1.1;1.1;-0.1;-0.1;1.1;-1.8;-1.8;-1.8;-1.0;-1.0;0.0;0.0;0.0;-2.0;-0.9;-0.9;-4.8;0.0;-0.9;-1.4;0.0;0.7;0.0;0.0;1.2;0.8;0.8;0.0;0.0;0.3;0.3;0.3;-1.9;-1.9;-0.3;-0.3;0.0;0.0;-0.3;-0.3;-0.2;-0.2;-0.7;-0.7;0.6;0.6;-0.4;-0.4;20.0;20.0;0.0;0.5;-1.9;-1.9;0.3;0.3;0.3;-2.5;-0.6;0.0;0.0;-0.1;-0.1;-0.1;0.1;0.1;-0.5;-0.5;0.5;0.5;-0.4;-0.4;0.0;-0.0;-0.0;-3.7;-3.7;-3.7;0.3;0.3;-5.8;-51.0;-51.0;-0.7;-19.5;-72.6;0.3;-26.9;-27.7;1.3;-8.2;-9.1;-24.8;-8.2;29.0;-2.8;4.4;3.1;10.1;15.2;16.3;-1.1;-0.0;-4.3;-0.7;-5.4;-0.4;-3.4;-3.7;-2.4;-2.8;-70.2;1.2;1.2;1.1;-57.9;-29.4;-29.1;-57.3;1.0;-0.5;0.0;-1.9;-17.7;-8.5;-8.7;-65.9;-65.7;5.1;21.0;-1.3;0.0;-1.3;0.6;80.0;-116.8;50.0;-9.7;-14.7;-1.1;54.4;295.4;-1.2;-1.4;-59.8;-0.0;-4.3;6.2;3.4;-0.0;0.0;0.0;-6.5;-7.5;-3.3;-3.6;3.0;3.0;0.0;-7.8;-7.8;3.4;15.3;-2.7;-3.0;-0.0;-3.0;-4.5;7.6;7.6;9.3;-3.7;5.6;-3.9;-2.0;-2.6;0.2;-1.5;16.2;-7.6;-1.2;-1.9;1.8;4.9;5.0;-4.6;-0.5;0.0;-2.0;-3.4;0.5
